entrez_id,corr_cnv_mrna,pval_cnv_mrna,corr_mrna_prot,pval_mrna_prot,corr_cnv_prot,pval_cnv_prot,n_samples_cnv_mrna,n_samples_mrna_prot,n_samples_cnv_prot,gene_symbol,category
1000,0.12443705678038222,0.0002902598153797748,0.10717216159562967,0.0018214413532843161,0.0047104418332513595,0.8913120498584439,844,844,844,CDH2,mixed_discordant
1001,0.18704838722462142,4.389912374083863e-08,0.3432074839436303,9.6681371994017e-25,0.02695833648956568,0.434116819504802,844,844,844,CDH3,intermediate
10018,0.07848520563866213,0.02259192253723041,0.3941035557161452,9.521986880057819e-33,-0.0019193517081559919,0.9555984855658626,844,844,844,BCL2L11,transcriptional_discordant
10059,0.4180345367051946,4.9821706843749566e-37,0.47020277895878126,1.01816458043741e-46,0.3062266606606906,2.0535983800454638e-19,844,827,827,DNM1L,concordant
10111,0.3241541615232486,4.2277922937059544e-22,0.27046539545301224,1.2924976851036222e-15,0.17474473879346059,3.2479737459036894e-07,844,844,844,RAD50,intermediate
10131,0.3492562171379396,1.2816175107282066e-25,0.42112931475183146,6.9665004670461985e-37,0.29850972744578586,1.7518257994297935e-18,844,827,827,TRAP1,concordant
10155,0.4455199998071604,2.1594360696653717e-42,0.4382009949907144,4.003620351462782e-40,0.34866431895330124,4.756778854127258e-25,844,827,827,TRIM28,concordant
102,0.23386460176483498,5.9973313289255425e-12,-0.09948277187150083,0.003815356513725861,-0.04412435836266164,0.2003304849424143,844,844,844,ADAR,intermediate
1026,0.0010186514538027946,0.9764261952309331,0.2160156804326635,2.277849086789463e-10,0.01547100622560259,0.6535619196702489,844,844,844,CDKN1A,intermediate
1027,0.1592610159877708,3.324984855947446e-06,0.5687920733581182,1.6568206413260947e-73,0.11602211411148403,0.0007326707544662963,844,844,844,CDKN1B,intermediate
1029,0.28414776143700393,3.8681030176095325e-17,0.6148258225093276,6.794225482158208e-89,0.19044842050472915,2.464574601315686e-08,844,844,844,CDKN2A,intermediate
10298,0.29761788041992987,1.0059731819224743e-18,0.08571088131139198,0.013676477709251584,0.09407458297248941,0.006783824388802644,844,827,827,PAK4,intermediate
10318,0.1323657040851165,0.0001149146173255976,0.018136528166699813,0.5987777620119235,-0.07955729642565226,0.020804575933292605,844,844,844,STMN1,mixed_discordant
10397,0.3400351889588852,2.7412609129240983e-24,0.48716781752074684,1.6329713032307518e-51,0.15153294238638798,9.810098964298837e-06,844,844,844,NDRG1,concordant
10413,0.29328829283831853,3.321220771060531e-18,0.30739422017690954,6.287465319549024e-20,0.10134707852695918,0.0032032228837324426,844,844,844,YAP1,intermediate
10476,0.5599294014799473,8.128204581859178e-71,-0.04273887793354389,0.21953336123731756,-0.0718818442981932,0.03876269585592539,844,827,827,ATP5H,post_transcriptional_discordant
10533,0.28124553124088697,8.277742288433642e-17,0.38992457986329176,2.015159443055062e-31,0.1862240556442975,6.870903906944031e-08,844,827,827,ATG7,intermediate
10643,-0.006082784674332795,0.8599366294699401,0.04323095746406109,0.21426640010231154,-0.052460700735234914,0.13170804503580555,844,827,827,IGF2BP3,mixed_discordant
10818,0.38296494722247687,7.1613784501176945e-31,-0.015373165156170338,0.6588851866742099,-0.055774150887017954,0.10898923177900308,844,827,827,FRS2,post_transcriptional_discordant
10987,0.638482734967369,7.684497707894853e-98,0.03728981878325488,0.279206931533546,0.02714507742176677,0.4309386611126181,844,844,844,COPS5,post_transcriptional_discordant
11035,0.009009511730957619,0.7938158071903431,0.08137465758769219,0.01925879455975093,-0.0018163433767209303,0.9584054058229482,844,827,827,RIPK3,mixed_discordant
1111,0.07510845438584116,0.02911873828439864,0.2286809879451131,1.7801625529371943e-11,0.007009303709413156,0.8388749677113932,844,844,844,CHEK1,intermediate
11200,0.4128873201130425,4.444863594707892e-36,0.6330162879709906,1.0526395582928305e-95,0.30559456628631054,1.0557908507718907e-19,844,844,844,CHEK2,concordant
11315,0.31761833553152596,3.088348033121742e-21,0.5164659277763526,9.978385320426519e-59,0.1437709295606691,2.7602477161682746e-05,844,844,844,PARK7,concordant
1366,0.2900070417639765,8.10084198907776e-18,0.43080513842589385,1.8488438950328114e-39,0.13692592377034316,6.583876042666587e-05,844,844,844,CLDN7,intermediate
1385,0.0904152452727858,0.008583641441187857,-0.052626650942407184,0.13048923491243522,-0.0689000040652018,0.04761857486785687,844,827,827,CREB1,mixed_discordant
140576,0.12001482886794282,0.0004756606851199686,-0.034684372385572496,0.3191380853760472,-0.006418019337434194,0.8537862600196313,844,827,827,WIPI2,mixed_discordant
142,0.3825319967686775,8.44262781209167e-31,0.4285096328136079,1.5129838914592864e-22,0.17904452299723345,9.027667847875843e-05,844,473,473,PARP1,concordant
1432,0.2984438923243188,7.991285874696063e-19,0.14023207878890404,5.195557865454615e-05,0.014497514738602231,0.677186745954199,844,827,827,MAPK14,intermediate
143686,0.03606038980098237,0.2953752152682354,-0.08676103486037877,0.012561184935068559,0.05009399672955447,0.15006320012833774,844,827,827,MB21D1,mixed_discordant
1445,0.1741841256764884,3.546533747358107e-07,0.2989791645551845,1.5404738673543534e-18,0.08984867874319324,0.0097335194874103,844,827,827,CSK,intermediate
1499,0.21280616179261602,4.2412577253059834e-10,0.02120442733540551,0.5425676978441967,-0.07067322220407565,0.042167849060349316,844,827,827,CTNNB1,intermediate
1612,0.06345921690932202,0.0653696109350797,-0.008486995151034963,0.807462470898381,-0.01785618222099182,0.6081155241295916,844,827,827,DAPK1,mixed_discordant
1642,0.39008313610736467,4.6161804767045414e-32,0.04580809068771933,0.18816415450093765,0.12021161828069092,0.0005315346403176704,844,827,827,DDB1,post_transcriptional_discordant
1728,0.2425924879309161,9.048221488723936e-13,0.49226095736597597,1.0900853747747881e-51,0.1469451860776435,2.2109253687607913e-05,844,827,827,NQO1,intermediate
1786,0.34680885592637317,2.9184424628137876e-25,0.4351415519130354,1.5736475219304404e-39,0.2412919956108768,2.0264187327078473e-12,844,827,827,DNMT1,concordant
1803,-0.015954798362701427,0.6434674624573078,0.1805173222349825,1.2918860962975205e-07,-0.04205156655294297,0.2223140930853287,844,844,844,DPP4,intermediate
182,0.05518468302052838,0.10914399685519327,0.15630890361646166,6.300148546161881e-06,-0.06711379372133139,0.053695058321369254,844,827,827,JAG1,intermediate
1846,0.21476051086510087,2.9081002394592014e-10,0.579131014939132,9.446386309795888e-77,0.12164063599864257,0.0003974262752244101,844,844,844,DUSP4,intermediate
1848,-0.050295985763306315,0.1443062046976451,0.5044306310772677,1.367292223236261e-54,0.02968268672527551,0.39393675265090383,844,827,827,DUSP6,transcriptional_discordant
1856,0.4109086634519149,1.020561711044397e-35,-0.056719230654231685,0.09962538739719026,0.0013726065197950318,0.9682386702330199,844,844,844,DVL3,post_transcriptional_discordant
1938,0.2760456015605649,3.1639747527823803e-16,-0.012909264911080014,0.7080356367170304,0.0914666455780252,0.007839699420512375,844,844,844,EEF2,intermediate
1956,0.3524168218579167,4.380465409152638e-26,0.6060245323398357,9.331965528850486e-86,0.6154803360986496,3.9338520649030236e-89,844,844,844,EGFR,concordant
1969,0.08537278790260484,0.013098575467183208,0.2620508960690933,1.87692310406312e-14,-0.022746363952751356,0.5136105086158427,844,827,827,EPHA2,intermediate
197259,0.14498193874361193,2.3568920805965333e-05,0.4101019810467906,6.909670926425841e-35,0.10686998138279846,0.0020874905584659605,844,827,827,MLKL,transcriptional_discordant
1977,0.37200324445018407,4.2858811964786747e-29,0.17352120568942317,3.933757298992859e-07,0.14576073019549174,2.1277891065368027e-05,844,844,844,EIF4E,intermediate
1981,0.32395548709683536,4.494477859590387e-22,0.25337753266475166,7.874285344650023e-14,0.22894600450291314,1.684914450458399e-11,844,844,844,EIF4G1,intermediate
2002,0.24071096360592376,1.3689687207907911e-12,-0.06768711970962615,0.05167788433662567,-0.00572366594297178,0.8694545806147693,844,827,827,ELK1,intermediate
2023,0.2980216390294971,8.990031355889662e-19,0.600731550560444,2.932033484089003e-82,0.2456585457696914,7.839838685357217e-13,844,827,827,ENO1,intermediate
2026,0.127902670434835,0.00019485744139014543,0.5396440353223791,1.114989525586762e-63,-0.04983935707610222,0.15214874456488062,844,827,827,ENO2,transcriptional_discordant
2034,-0.08183826382726198,0.01740658365404084,-0.3402210526077023,7.343392640181791e-21,0.03887838083109693,0.29885603071416095,844,716,716,KAT2A,mixed_discordant
2064,0.7194285370955578,2.017065752936307e-135,0.7775070568216707,8.686076242087872e-172,0.7127339277577328,8.070204200267602e-132,844,844,844,ERBB2,concordant
2065,0.30676473129930176,7.540333188494178e-20,0.3931196719279771,1.4040240085745893e-32,0.1569251777258618,4.636636419241818e-06,844,844,844,ERBB3,concordant
2067,0.2779330979751589,1.9511495228968579e-16,-0.0059812787801745435,0.8622504054936713,0.04643974350498166,0.1776969110327327,844,844,844,ERCC1,intermediate
2072,0.35087582732440326,7.404626392038195e-26,0.22961931466198326,2.3441063986450247e-11,0.0991209409661587,0.004328154825185568,844,827,827,ERCC4,intermediate
2073,0.3197040412330311,1.6460274754371222e-21,0.20840200134421738,9.796365563990976e-10,0.105795258519797,0.0020866398891905007,844,844,844,ERCC5,intermediate
208,0.36590041128529827,3.9105175696130914e-28,0.36005578142817485,1.0221780329277855e-26,0.1558305278588525,6.729638581764479e-06,844,827,827,AKT2,concordant
2099,-0.035346479659799104,0.3050456616754733,0.8810807841186672,5.0191932433242585e-276,-0.005149413286994649,0.8812550755026604,844,844,844,ESR1,transcriptional_discordant
2101,0.2404840100992866,1.4387397934294658e-12,0.2077867100396369,1.615732419771511e-09,0.14515324251098438,2.787617697968088e-05,844,827,827,ESRRA,intermediate
2113,-0.019023648759130096,0.5810170201085576,0.30718943371842056,6.670668828150129e-20,0.03640690188355305,0.29075614280956197,844,844,844,ETS1,transcriptional_discordant
2122,-0.07864405903344057,0.022318957196277425,0.44010578040285836,1.6953945935107855e-40,-0.044183769008679284,0.20432783262350707,844,827,827,MECOM,transcriptional_discordant
2147,0.02227346478984394,0.5181481002427331,-0.03256179357455928,0.3496692938880224,0.09883388525338258,0.004442605781844671,844,827,827,F2,mixed_discordant
2180,0.1234069087404524,0.00032612911974584885,0.38974949290034144,2.1544652036240665e-31,0.058896798603942944,0.09052426001007946,844,827,827,ACSL1,transcriptional_discordant
2194,0.2594419149657582,2.0342741512643737e-14,0.7227017332784738,3.1983576858528847e-137,0.2827934860493728,6.009877361976367e-17,842,844,842,FASN,intermediate
2195,-0.005177838293473529,0.8806044902412757,0.11691301390303577,0.0007554777455834707,0.036903108845428176,0.28914413564644115,844,827,827,PTK2B,mixed_discordant
2247,-0.06250536408001285,0.06952861013038471,0.6670985763720401,1.3582317699174478e-107,-0.03471879977187851,0.318657683621588,844,827,827,FGF2,transcriptional_discordant
2305,0.42607103345157055,1.5138741210946614e-38,0.6699310373669363,5.025195356388592e-111,0.38720733270492047,1.4088645397082203e-31,844,844,844,FOXM1,concordant
2309,0.44886478736398483,4.440549295108356e-43,0.2620033726883838,1.0268251175945843e-14,0.32716578621173353,1.6633794825894888e-22,844,844,844,FOXO3,intermediate
2315,0.1477296285404331,1.639223196123554e-05,-0.013104230674982453,0.7066994643685159,0.07096016394732632,0.04133735627789037,844,827,827,MLANA,mixed_discordant
2316,-0.02375658237587399,0.4906703668581861,0.06788814346170152,0.048653405265835156,-0.033434567836070156,0.3319657570902097,844,844,844,MAPK8,mixed_discordant
23192,0.2563245090516067,3.959533749144893e-14,0.2301687880232084,2.0950627525337893e-11,0.09903561110580558,0.004361894494879642,844,827,827,ATG4B,intermediate
23241,0.2955935434081586,1.7628586434746136e-18,-0.04512441114133511,0.1948488295705814,-0.07851312649030796,0.0239505936108296,844,827,827,PHLPP1,intermediate
2335,0.10016674997666894,0.003579419465327668,0.45474399073737815,2.6386203370736664e-44,0.04965476532215623,0.14949840458073244,844,844,844,FN1,transcriptional_discordant
23371,0.04450279172136898,0.19649411021195995,0.1562547057175796,6.347459766358526e-06,0.021300855025827303,0.5407332765040932,844,827,827,ACSS1,intermediate
23476,0.3864810265522755,1.8642162360719054e-31,0.2731152662909311,6.651997260244698e-16,0.20369524580431117,2.348879590592611e-09,844,844,844,BRD4,intermediate
23548,0.10912754914550593,0.001497710343459273,0.03583483344015543,0.30334061677853835,-0.04497856356167759,0.19629708615460795,844,827,827,HMHA1,mixed_discordant
23604,0.13927806417576336,4.905822986441153e-05,0.002187206824841817,0.9499227606288632,0.01180815891091122,0.7345550368872426,844,827,827,DAPK2,mixed_discordant
2475,0.2357079980081606,4.047456979280665e-12,0.08817000266668906,0.010386693818092515,0.13900423248007274,5.0779917739489976e-05,844,844,844,MTOR,intermediate
25,0.2559369259141949,4.3363998510981184e-14,0.021673409030229122,0.533675084291927,-0.0018175873144731253,0.9583769452207513,844,827,827,ABL1,intermediate
253260,0.1751192773316355,3.0621680924397044e-07,0.1829514104816727,8.679243000068328e-08,0.05741630956391504,0.09552567917774256,844,844,844,RICTOR,intermediate
2539,0.212994656610785,4.0903134050662445e-10,0.5715607865153622,2.300518147557806e-74,0.12044315223655645,0.00045376382930473153,844,844,844,G6PD,intermediate
25937,0.15280453197649396,8.239720509729723e-06,0.26007717422743765,1.628961238932888e-14,0.03980860093953803,0.2479878185600316,844,844,844,WWTR1,intermediate
2597,0.4470693135130337,1.0401966841931599e-42,0.5353009179876197,9.464259772067242e-64,0.2677029277090326,2.563250637682324e-15,844,844,844,GAPDH,concordant
26088,0.35826889307444276,5.8099629866934e-27,0.13878506724229922,6.215297456300171e-05,0.09156269970431666,0.00842172028985334,844,827,827,MRAP,post_transcriptional_discordant
26227,0.2974306012008115,1.0597591821885592e-18,0.6216180437694065,1.4102943772487277e-89,0.24768083603837146,5.018416100838032e-13,844,827,827,PHGDH,intermediate
2625,-0.3058702841483013,9.75421415182058e-20,0.8054168540466546,1.8419520544806282e-193,-0.22190630076331624,7.094942551360945e-11,844,844,844,GATA3,transcriptional_discordant
2627,0.0749196496041926,0.02952722528683748,0.1613773465551267,1.4307390109535211e-05,0.06347215247930982,0.08966960576664793,844,716,716,GATA6,intermediate
2697,-0.06201561128453907,0.07174688076557043,0.7697757381319756,5.1339781081032585e-163,0.03113814238006872,0.3711502049517952,844,827,827,GJA1,transcriptional_discordant
27113,0.10155309912591005,0.0031413736187050263,0.33450453071621955,4.539242739806426e-23,0.07566276878368347,0.02957706040961178,844,827,827,BBC3,transcriptional_discordant
27250,0.1138930151351881,0.0009175117262227816,0.40140954862720585,5.110498302125812e-34,0.05467766104587961,0.11244219614528835,844,844,844,PDCD4,transcriptional_discordant
2729,0.2017464390887694,3.3533556919890883e-09,0.32764421849909453,3.799865429896104e-22,0.10322594629485488,0.002958822380622792,844,827,827,GCLC,intermediate
2730,0.2888253413401948,1.1136576939358948e-17,-0.05936217228002965,0.0880012568403702,-0.005933663565034587,0.8647102208032158,844,827,827,GCLM,intermediate
2735,-0.06829713987186072,0.04730911523864179,-0.1899218973328159,3.72102512537128e-08,0.04092819313942874,0.2397110527886817,844,827,827,GLI1,mixed_discordant
2737,0.026794368488848662,0.43691851750675087,0.44156647676094213,8.739424581190667e-41,0.08529842936002083,0.014137847420051062,844,827,827,GLI3,transcriptional_discordant
2744,0.18245495593169037,9.41680010155062e-08,0.4931188537102442,6.866315585281043e-52,0.13018804866835854,0.0001738803429330982,844,827,827,GLS,intermediate
2886,0.7378313245261326,6.862678773382633e-146,0.5707381897105828,1.1934719844357056e-72,0.5838157207687322,1.022829550360234e-76,844,827,827,GRB7,concordant
29072,0.24957477628551963,1.8873736972704425e-13,-0.09028376258123527,0.00868097431230451,-0.07766898189549244,0.024040616759360423,844,844,844,SETD2,intermediate
2908,0.014330905340657025,0.6775994156549335,0.5173994763115519,8.166097922878745e-58,0.030719137280447967,0.37762490614417704,844,827,827,NR3C1,transcriptional_discordant
2911,0.07655575881458693,0.02614564312780016,0.04337650537575969,0.21272610638274858,-0.07832067632743905,0.02429895054826001,844,827,827,GRM1,mixed_discordant
29126,0.16931170483488514,7.526582068636838e-07,0.34045778425521755,2.3875821976312753e-24,0.07911325890879076,0.02152935736994284,844,844,844,CD274,intermediate
2931,0.35322363147354346,3.3239338549374227e-26,0.22858635653847495,1.8154326692520274e-11,0.11441442711427027,0.0008686293816561401,844,844,844,GSK3A,intermediate
2932,0.24217264966846044,9.927091108018673e-13,0.3113820893855911,4.730385115723723e-20,0.2017934168502736,4.780170012558897e-09,844,827,827,GSK3B,intermediate
2956,0.28228746883782374,6.305742735472856e-17,0.44640815179137816,1.4213130071598884e-42,0.2862498439068101,2.216904606913849e-17,844,844,844,MSH6,intermediate
29904,0.34119343160154136,1.8763080842228556e-24,0.4016685583618611,4.600926042119566e-34,0.21628167600491105,2.1625194372304927e-10,844,844,844,EEF2K,concordant
3002,-0.033298833958986016,0.3339334872692103,-0.182509393551707,1.2567346026690386e-07,0.035798369065529946,0.30383322297956633,844,827,827,GZMB,mixed_discordant
301,0.05257665909187084,0.12695206511425922,0.6146801893128593,7.671311561715983e-89,0.0367380704412236,0.2863871663898578,844,844,844,ANXA1,transcriptional_discordant
3014,0.2880688113074852,1.3642673573388505e-17,0.17400007242207544,4.785701400010403e-07,0.06424802872816546,0.06478581164430589,844,827,827,H2AFX,intermediate
3020,0.3878701514004632,1.0904535679620756e-31,0.06249129174477999,0.07247263616295016,-0.100970640314224,0.003652474621536793,844,827,827,H3-3A,post_transcriptional_discordant
3084,0.004208169165693679,0.9028406274644237,0.3828568978354677,7.461838692287585e-31,-0.023188556105145426,0.5011009319754672,844,844,844,NRG1,transcriptional_discordant
3098,0.3261435850556495,2.285642129938833e-22,0.38351194039155717,2.2708371304801932e-30,0.3385455509622245,1.2659031034419262e-23,844,827,827,HK1,concordant
3099,0.1808754656642838,1.218859261780976e-07,0.4380557403262426,4.2737948349168205e-40,0.2558718306902247,7.906791388032612e-14,844,827,827,HK2,intermediate
310,0.38728849197511056,1.3653983093788713e-31,0.3293049365327339,8.520393425093638e-23,0.1843350040187338,6.906398282135445e-08,844,844,844,ANXA7,concordant
3117,-0.02239389351852234,0.5158876616453465,0.6128571489307795,1.92997602537171e-86,-0.015519962426481496,0.655836533677837,844,827,827,HLA-DQA1,transcriptional_discordant
3280,-0.0030294686436244667,0.9299713276723035,0.5356894114813594,1.324536588810597e-62,-0.004813363769044086,0.8900726655448026,844,827,827,HES1,transcriptional_discordant
330,0.1322109322221176,0.0001170713790327127,0.3265524458265644,5.302362624108923e-22,0.015545621831875637,0.6553042301489359,844,827,827,BIRC3,transcriptional_discordant
3303,0.08586669387109563,0.012578517696877812,-0.021330796796102645,0.5360168722708004,-0.02539893825774508,0.46117885926282687,844,844,844,HSPA1A,mixed_discordant
3309,0.1445433022734177,2.496050819473064e-05,0.2517508137244263,2.0201077645332297e-13,0.15058138293448053,1.369911916829485e-05,844,827,827,HSPA5,intermediate
331,0.12761648508493947,0.00020145341543437468,0.25812736002420505,4.698267318861924e-14,0.07558372671274777,0.029748033491222244,844,827,827,XIAP,intermediate
3310,0.18394293805506715,7.36965052717388e-08,-0.03738919033004823,0.2828348364582095,0.027580042205371063,0.42830991475603586,844,827,827,HSPA9,intermediate
3315,0.1482769537463213,1.5236555059326482e-05,0.08502335922547272,0.01445311083287871,0.0075321692230801846,0.8287674645460459,844,827,827,HSPB1,mixed_discordant
3329,0.37324853413887193,2.713748097817275e-29,0.4828278697212288,1.6124747572304911e-49,0.32199357682771457,2.1006695083231163e-21,844,827,827,HSPD1,concordant
34,0.15608233903320087,5.2215848185995256e-06,0.01839364952275876,0.5936047664311713,-0.05317350846215389,0.12268955454771549,844,844,844,ACACA,intermediate
340061,0.1076845640443046,0.0017309143500801741,0.38992118693105604,2.0177722323747695e-31,0.04665772259676973,0.18009419085263603,844,827,827,TMEM173,transcriptional_discordant
3480,0.3787035256789165,3.580223953715182e-30,0.1459873628165821,2.065199826004194e-05,0.060316788503817206,0.07989396768440275,844,844,844,IGF1R,post_transcriptional_discordant
3485,0.10391382474941194,0.0025062730652196732,0.749578061566865,4.785600351700537e-153,0.08547688644876071,0.012987412766202664,844,844,844,IGFBP2,transcriptional_discordant
3486,-0.06391966125321658,0.06343650697869248,0.14336060944234097,3.505539653532972e-05,-0.006480762841367223,0.8523731677557461,844,827,827,IGFBP3,mixed_discordant
3569,-0.06668788503922915,0.05278448465445808,0.18159802349427256,1.4546772524623443e-07,-0.04343386590764994,0.21212127334960892,844,827,827,IL6,intermediate
3620,0.019034102246856057,0.580809209179344,0.8015804370051347,1.7785986449941568e-186,0.03459607159877687,0.3203724016550549,844,827,827,IDO1,transcriptional_discordant
3643,0.23460407079019036,5.124195782574799e-12,0.5171051300577447,9.699209910776152e-58,0.1326184860256323,0.0001308100052663991,844,827,827,INSR,intermediate
3659,0.042209300067170365,0.22058291413032557,0.24338711210039315,7.588535975839179e-13,0.012343604961653258,0.7202799945027861,844,844,844,IRF1,intermediate
3661,0.2543715094724285,6.25078676962684e-14,0.28150482036257274,1.5762919917636323e-16,0.26197706281677136,1.9098844105619888e-14,844,827,827,IRF3,intermediate
3667,0.019126374985463903,0.5789763743669725,0.5516831813855876,2.196244365069155e-68,0.08501352463002099,0.013488696714251928,844,844,844,IRS1,transcriptional_discordant
367,0.16687200920623688,1.088373901610371e-06,0.8053811972295675,1.973276246157562e-193,0.17937533663363803,1.5540569623285454e-07,844,844,844,AR,intermediate
3673,0.1401114377663513,4.415201675325927e-05,0.37304428639302323,2.925373630911049e-29,0.07891862649438436,0.021853901570446917,844,844,844,ITGA2,transcriptional_discordant
3688,0.1254551601518069,0.0002584622866180032,-0.027396544549613575,0.43139011304321045,0.04711131249163086,0.17589243041077487,844,827,827,ITGB1,mixed_discordant
369,0.23278500332803542,7.538831131555252e-12,0.19920786080638156,5.303816319746575e-09,0.05960577156266546,0.0835195264117194,844,844,844,ARAF,intermediate
3717,0.1921222031545566,1.847699278200704e-08,0.17116499589031725,5.667371896601886e-07,0.0741525480319427,0.031237872106294733,844,844,844,JAK2,intermediate
3725,0.09359386791695559,0.006508399532963302,0.2049467248991687,1.8653323686619334e-09,-0.01614465514004443,0.6395237909047871,844,844,844,JUN,intermediate
3791,-0.061086007071475,0.07611651442192531,0.03493282889500186,0.31074377002919945,0.05833555708211143,0.0903267515638606,844,844,844,KDR,mixed_discordant
3815,0.013527752263169553,0.6947335729067261,0.6435526916805483,7.324754954008598e-100,-0.013618736254478786,0.6927845175591735,844,844,844,KIT,transcriptional_discordant
3897,0.013304750077394411,0.6995192212933505,0.6668691886166169,1.705572511960145e-107,-0.01823278323691918,0.6005695274479894,844,827,827,L1CAM,transcriptional_discordant
3932,0.030762723083215565,0.37207385145519867,0.6150155326328395,5.799758117723561e-89,-0.05841873785815071,0.08986774722771884,844,844,844,LCK,transcriptional_discordant
3981,0.2892911411165885,9.825299381369763e-18,0.1401189636721037,5.2691876768585496e-05,0.2076866875016729,1.6456923362224618e-09,844,827,827,LIG4,intermediate
4040,0.3388249002956303,4.0667972286682555e-24,0.07003825218198428,0.04405583124706582,0.13691721338710278,7.812753078544536e-05,844,827,827,LRP6,post_transcriptional_discordant
4067,0.012857248178672991,0.709158514853977,0.6391169172373445,3.780352705807869e-96,0.005985012308680853,0.8635508606481073,844,827,827,LYN,transcriptional_discordant
4086,0.23612072423838718,3.70466035367126e-12,0.4819093908596369,2.7241301033624066e-50,0.22472567492683165,4.0121985218542367e-11,844,844,844,SMAD1,intermediate
4088,0.20847502525434947,9.662766004004061e-10,0.42498821735572995,2.437415413881897e-38,0.1655255904824249,1.3310560617805665e-06,844,844,844,SMAD3,intermediate
4089,0.37020552512561855,8.260958110651737e-29,0.13104241286871915,0.00013462825462827807,0.05343572706666873,0.12085252638294748,844,844,844,SMAD4,post_transcriptional_discordant
4137,0.25565150786694524,4.636221572214723e-14,0.30623458508023493,2.0490148484231329e-19,0.09484332675213347,0.006343108096069026,844,827,827,MAPT,intermediate
4193,0.44702823751074117,1.060588672487438e-42,0.09212982743377396,0.008023813160170456,0.02139848737660983,0.5388790960646516,844,827,827,MDM2,post_transcriptional_discordant
4233,0.07482207419164862,0.029740255409537168,0.10862335572759424,0.0015756922654020307,-0.011150156741316947,0.7463463381131921,844,844,844,MET,mixed_discordant
4261,-0.03725564400000746,0.2796480865717766,0.1977366676720335,9.77737902805188e-09,-0.025030461006869394,0.47223947656640086,844,827,827,CIITA,intermediate
4282,0.08873373119519282,0.009904884734991766,0.09266437851777946,0.0076642338269497364,0.17154743035214626,6.953244747650026e-07,844,827,827,MIF,mixed_discordant
4286,0.034783373864172434,0.3128196706396388,0.11637124133080867,0.0007997119333232877,-0.033888905888702046,0.33036974923308776,844,827,827,MITF,mixed_discordant
4292,0.2973748859198724,1.0763007054766632e-18,0.1789198986666264,2.2263081441773536e-07,0.09422925493151099,0.006693005381738661,844,827,827,MLH1,intermediate
4313,-0.02003874499228805,0.5610013866594169,0.10871574575358295,0.0017423572345964596,-0.01409049694358706,0.6857596669478716,844,827,827,MMP2,mixed_discordant
4323,0.06557169831130615,0.056884893584679005,0.48611261744477713,2.8809122106842314e-50,0.05420635980278195,0.11932033726858489,844,827,827,MMP14,transcriptional_discordant
4361,0.46278391691297815,5.0756856756503935e-46,-0.059031273041145735,0.08654513410485448,0.009597581964765173,0.7806907057665082,844,844,844,MRE11,post_transcriptional_discordant
439,0.31419653704689054,8.578927149485737e-21,-0.16424393930368447,1.6097634314675298e-06,0.05096009980941177,0.13907525585331945,844,844,844,ASNS,post_transcriptional_discordant
440193,0.23125644328879766,1.0402060378438227e-11,0.014844215019156145,0.6699170035258917,0.05381816495180628,0.12199312807364532,844,827,827,YTHDF3,intermediate
4436,0.2904302865670024,7.22545329654868e-18,0.4097400603494069,1.6630374125900523e-35,0.2083647656509816,9.86517989612167e-10,844,844,844,MSH2,intermediate
4582,0.1365759854561851,6.875678857552319e-05,0.6672052577750456,1.2216591576328334e-107,0.1253422948433378,0.0003022643673325045,844,827,827,MUC1,transcriptional_discordant
4609,0.17642304796758612,2.491991101284191e-07,0.2518940824865209,1.1093346189728037e-13,0.08864529124316772,0.009979133211557405,844,844,844,MYC,intermediate
4627,0.2785273959122876,1.6743678249448636e-16,0.2584977670810974,2.1471482822943557e-12,0.15593565890774666,2.7781808753845632e-05,844,716,716,MYH9,intermediate
4629,-0.04480516996042639,0.19346756890793312,0.5076288137675208,1.7753776308499889e-56,-0.01880877837232691,0.5852962271205292,844,844,844,MYH11,transcriptional_discordant
4718,0.6219309516879314,1.6813897911139512e-91,0.04159217162602913,0.23216547120660797,-0.013636773144699245,0.695364118254067,844,827,827,NDUFB4,post_transcriptional_discordant
472,0.20752698058449898,1.154395220366237e-09,0.25008913583896913,1.6783254944578913e-13,0.22515107942269957,3.679082860451523e-11,844,844,844,ATM,intermediate
4771,0.42454177315828434,2.9647670986916963e-38,0.3626267799084413,1.2555637247559173e-27,0.31267310157107153,1.346256341695461e-20,844,844,844,NF2,concordant
4851,0.03965472353852102,0.24982212226613912,0.40511158828804694,1.1287571802410766e-34,0.05902038855445486,0.08660329916251851,844,844,844,NOTCH1,transcriptional_discordant
4854,0.2826219817848508,5.776835032405796e-17,0.2202073868739277,1.5355349816280798e-10,0.10660036525484348,0.0021428439653217095,844,827,827,NOTCH3,intermediate
4893,0.29783207125959776,9.47751873540934e-19,0.01894998640142346,0.5824823805827649,0.1106258581812567,0.0012864358831318075,844,844,844,NRAS,intermediate
4904,0.4508521538382613,1.7205428894749474e-43,0.013575065599467431,0.6937197761640587,0.04462786188121888,0.19523809579863774,844,844,844,YBX1,post_transcriptional_discordant
498,0.4172028495827744,7.113972282071578e-37,0.07068038594753273,0.04214694486753864,0.03729151672105907,0.28409509619373885,844,827,827,ATP5F1A,post_transcriptional_discordant
5033,0.28834112048582566,1.2682413032381051e-17,0.08547088947868857,0.013943291079301359,0.05315696869673211,0.12665285738723078,844,827,827,PAICS,intermediate
5052,0.3528572977210084,3.7680935290765596e-26,0.4635196477714722,3.517043094063294e-46,0.19302209063530468,1.5809038800175414e-08,844,844,844,PRDX1,concordant
5054,0.003464316122630394,0.9199510835720269,0.32785728672204123,1.3406855792916713e-22,0.051533092969416036,0.13468022960177528,844,844,844,SERPINE1,transcriptional_discordant
5058,0.470194596716798,1.2102651129658417e-47,0.6991577213024532,2.4246054364351285e-122,0.4239370927856586,2.102375791230162e-37,844,827,827,PAK1,concordant
5080,0.17903148412594394,1.6425853300162637e-07,0.6985692434647388,4.7101615898014817e-122,0.059406000686791284,0.08776658864762031,844,827,827,PAX6,intermediate
5111,0.40691836864045927,5.364044664629323e-35,0.37704000002602134,6.667209234862705e-30,0.16965145945264593,7.146751067851105e-07,844,844,844,PCNA,concordant
51188,0.32810992011536017,1.2389316371603492e-22,-0.0755394476962437,0.02984418203480746,0.020355074290590552,0.5588581263623777,844,827,827,WIPI1,post_transcriptional_discordant
51330,0.13304743534347985,0.00010585226070645292,0.3816037695265954,4.620691204057122e-30,0.05043305410002592,0.14732013076690384,844,827,827,TNFRSF12A,transcriptional_discordant
51444,0.3686282562772113,1.4641804135258055e-28,0.18296029306164768,1.1686844397529519e-07,0.12321689059927049,0.00038288851674908326,844,827,827,YTHDF2,intermediate
5159,0.11421476448600784,0.0008870557190843081,0.5792817446265737,2.758569854578993e-75,0.0835406717019712,0.016261287913415027,844,827,827,PDGFRB,transcriptional_discordant
5160,0.15757893898002567,4.226621742678389e-06,0.004385558266299772,0.8997889096217401,0.007901336943920022,0.8205144064593857,844,827,827,PDHA1,intermediate
5163,0.16241378381424554,2.106545115449106e-06,-0.309170395545226,3.756414883745342e-20,-0.024652493064833924,0.47445856098042627,844,844,844,PDK1,intermediate
5170,0.31503475149726523,6.687654733293181e-21,-0.16229081020151587,2.7164781222281545e-06,-0.0234370702215978,0.5009046157845599,844,827,827,PDK1,post_transcriptional_discordant
5175,-0.04504029729194159,0.1911378752287741,-0.0191935242390614,0.5776442801368171,-0.042750254820838614,0.2147191044576015,844,844,844,PECAM1,mixed_discordant
5236,0.2571590796383173,3.25384582313292e-14,0.2929818542558965,7.821690909425954e-18,0.09556179721292841,0.005954647476958655,844,827,827,PGM1,intermediate
5241,-0.00817892982140629,0.8124524139450254,0.7804116518572646,6.809474233958592e-174,-0.014762417413132166,0.6684613115583602,844,844,844,PGR,transcriptional_discordant
5290,0.3305348247789112,5.785923262828057e-23,0.24803897123974633,2.675450115192826e-13,0.46573964102145227,1.1563602710537622e-46,844,844,844,PIK3CA,intermediate
5291,0.1912355984254815,2.1529878594498484e-08,-0.048877628215668,0.16022446464579942,-0.023567796878107852,0.4985186845080849,844,827,827,PIK3CB,intermediate
5295,0.17016774646519858,6.604637548317299e-07,0.31995741327760635,1.5243722392213538e-21,0.09812308241873942,0.004326728068911759,844,844,844,PIK3R1,intermediate
5335,0.3174457886621336,3.2526596416928195e-21,0.3065844905530869,1.8563797269564984e-19,0.2938309274862001,6.228880336862549e-18,844,827,827,PLCG1,concordant
5347,0.10569444178642119,0.002107383230000598,0.7173863401401802,1.223377055930644e-131,0.06722867500576346,0.05328568850247173,844,827,827,PLK1,transcriptional_discordant
5395,0.21667204913519242,2.00350745559729e-10,0.26399787957043225,1.1836279954247389e-14,0.20506704605457737,2.654035433724543e-09,844,827,827,PMS2,intermediate
5428,0.3084481667486456,4.633613642127475e-20,0.07048037012502195,0.04273390149315423,0.2522195965048726,1.8171947708783502e-13,844,827,827,POLG,post_transcriptional_discordant
545,0.20873767896298392,9.19673687247881e-10,0.056082226903962515,0.10704470246522209,0.014488999233001402,0.677365683974883,844,827,827,ATR,intermediate
546,0.10782678480815666,0.0017065306459059131,0.17771221898740383,2.6917051988618837e-07,0.14339576762426143,3.48991056657717e-05,844,827,827,ATRX,intermediate
5460,0.25618638656863046,4.089996612869208e-14,-0.0538712354027196,0.12162499560834211,0.016021467667490585,0.6454647388519559,844,827,827,POU5F1,intermediate
54658,0.012356032194066922,0.7200102083789154,0.41613223358359186,5.713862946693014e-36,0.04062570918153323,0.24320515446669141,844,827,827,UGT1A1,transcriptional_discordant
5479,0.23383084977361687,6.040479722432594e-12,0.03678806828256447,0.2906510980730111,0.02169908606859223,0.5331903391790123,844,827,827,PPIB,intermediate
55120,0.14096997133401393,3.958566896431375e-05,0.08590178827632969,0.013467459990401724,-0.08444097094510433,0.015141087765049278,844,827,827,UVSSA,mixed_discordant
55215,0.34941195431680105,1.2159307289672076e-25,0.09856883808408569,0.004152626101506217,0.03891455214883091,0.25877750218832196,844,844,844,ERRFI1,post_transcriptional_discordant
55352,0.5017308981383504,5.185311246529982e-55,0.07520234303799869,0.0305849611896003,0.029216904156615795,0.401403906771963,844,827,827,LSM14A,post_transcriptional_discordant
5562,0.08905814921829167,0.009636713209886284,0.3228369850974607,6.336806882677833e-22,-0.010732374788914915,0.7555418806883845,844,844,844,PRKAA1,transcriptional_discordant
55626,0.2562986090614122,3.983682236441878e-14,0.07471009820164894,0.031694942697654445,0.05049724177062848,0.14680516933473242,844,827,827,AMBRA1,intermediate
5563,0.09743619417109696,0.004607969079779323,-0.003938133865646742,0.9099667740959846,0.03615059312069768,0.29909711023416363,844,827,827,PRKAA2,mixed_discordant
5566,0.2676776980686239,2.5792358423354247e-15,0.13956817798246113,5.6420318961230426e-05,0.07396741347208143,0.03343483383930298,844,827,827,PRKACA,intermediate
55669,0.38635255607574226,1.9587461842811085e-31,0.24678911738586035,6.112368886933871e-13,0.27240610122382247,1.5466578108890085e-15,844,827,827,MFN1,intermediate
5578,0.018365847786187,0.5941631208224097,0.3222408481189982,1.9506963410892388e-21,-0.017678124343398334,0.6116979151199379,844,827,827,PRKCA,transcriptional_discordant
5579,-0.15229909494506247,8.832819398216477e-06,0.13601135663632768,7.372400701875743e-05,-0.009187298711926122,0.7898414537371083,844,844,844,PRKCB,mixed_discordant
558,-0.0007802710091860017,0.981941751912641,0.45617752687060287,4.357557563191953e-38,-0.020125973175126693,0.590820181239274,844,716,716,AXL,transcriptional_discordant
5594,0.3541778703480172,2.3957002214664148e-26,0.11449672074146754,0.000861138335057597,0.19019849371332403,2.5723354152257393e-08,844,844,844,MAPK1,post_transcriptional_discordant
5599,0.27083136317884227,1.179716746523546e-15,0.006136074772168168,0.8601418574231826,0.025351732406244793,0.46657106263265236,844,827,827,MAPK7,intermediate
5601,0.3371841166292109,6.922740085840922e-24,0.5546851834309259,2.912741212824195e-69,0.22545868916465947,3.455197192092503e-11,844,844,844,MAPK9,concordant
5604,0.3595232492145114,3.747327448105904e-27,0.3568796200839711,9.421466674863069e-27,0.0796563181963479,0.020645873485450796,844,844,844,MAP2K1,concordant
5605,0.263604933192311,6.975951962081831e-15,0.23157416127931332,1.5698742408701658e-11,0.10930712725569958,0.0016433868057767395,844,827,827,MAP2K2,intermediate
56339,0.269093919076709,1.8175635641216713e-15,0.2786916542743769,3.2227767272383086e-16,0.2100313054041008,1.0672257977530176e-09,844,827,827,METTL3,intermediate
56616,0.14121532160065436,3.836526318844246e-05,0.054967544700899304,0.11054701887528348,0.25282262864042493,8.95372513034327e-14,844,844,844,DIABLO,mixed_discordant
56943,0.6393341515046328,3.539252670588152e-98,0.36387363825641056,7.752795313832944e-24,0.2505965477273894,1.0272834765234908e-11,844,716,716,ENY2,concordant
57111,0.3520552411534269,4.955960425910833e-26,0.4912159764060613,1.8090019169589937e-52,0.1762643173703265,2.5555017467447866e-07,844,844,844,RAB25,concordant
572,0.1445835124130384,2.482976196339691e-05,0.06431324060258423,0.06182172852462776,0.05568546379235827,0.10596183211578421,844,844,844,BAD,mixed_discordant
5727,0.05149158240838222,0.1349949830520033,-0.011102254542211613,0.7498772752110019,0.015026594961338843,0.6661050904835994,844,827,827,PTCH1,mixed_discordant
5728,0.2662836660021508,3.63271339879673e-15,0.4192083270887755,3.008528139299573e-37,0.21184190220056098,5.102413532615256e-10,844,844,844,PTEN,intermediate
5743,-0.029768599016555645,0.3877321313319407,0.44874602882653875,3.2093585397048364e-42,0.04761982064031899,0.17126919544477798,844,827,827,PTGS2,transcriptional_discordant
5747,0.5721364141160138,1.52241309952221e-74,0.03373466218152021,0.3325768169531696,-0.016071223258482613,0.6444394278335188,844,827,827,PTK2,post_transcriptional_discordant
57578,0.0029346350030591793,0.9321581192423873,-0.018087755767793888,0.5997613063963754,0.05214139653509083,0.13013246490731104,844,844,844,PREX1,mixed_discordant
578,0.2721730278420861,8.431265446344261e-16,0.03785589752637913,0.27196823934824543,0.09440157237547966,0.006058638827359199,844,844,844,BAK1,intermediate
5781,0.2268906522691379,2.576442912759439e-11,0.0565316008761554,0.1042576396078403,0.04751107274217106,0.172250191178577,844,827,827,PTPN11,intermediate
5788,-0.09139507484619827,0.007888449089607024,0.4642965205198491,1.8976382130082976e-45,-0.11695553014898459,0.0007521041976605964,844,827,827,PTPRC,transcriptional_discordant
581,0.17787632446342055,1.9770656018150093e-07,0.1856744549730357,5.5267248628195633e-08,0.10967171363348674,0.0014175403378616784,844,844,844,BAX,intermediate
5829,0.18169571626271622,1.0663180478057137e-07,0.30296483899764914,2.23717622107428e-19,0.1287763661853084,0.00017595201117575124,844,844,844,PXN,intermediate
58529,0.01881229883584197,0.5852259984364353,-0.02279756156574539,0.5083482570373778,0.08579745399557741,0.012650306225107537,844,844,844,RRAGC,mixed_discordant
58531,-0.012536705262940151,0.7160918746350408,-0.03773040158352966,0.2735618397638114,0.013494090276887537,0.695455190255178,844,844,844,COG3,mixed_discordant
5889,0.5039447645896293,1.4724594257465829e-55,-0.04304945643956591,0.21152442525705212,-0.0026073182520947764,0.9397096190535839,844,844,844,RAD51,post_transcriptional_discordant
5894,0.21359687188885768,3.642316335817541e-10,0.27319234959601285,6.523982814162007e-16,0.28699353778399384,1.8185572605847225e-17,844,844,844,RAF1,intermediate
5925,0.31273522364844814,1.3218129821789525e-20,0.2519170047151109,1.1034936610572245e-13,0.10944641848504257,0.0014502408197504188,844,844,844,RB1,intermediate
5932,0.20969511422672438,7.67609209627015e-10,0.2995713593241919,1.309392775350644e-18,0.017505770961050812,0.6151743901185737,844,827,827,RBBP8,intermediate
595,0.4401047710643108,2.6936614441346287e-41,0.37770937666293747,5.193676749219136e-30,0.243195743959825,7.917415232016451e-13,844,844,844,CCND1,concordant
596,0.22797790669401524,2.0590842888676937e-11,0.8054529563229347,1.7178639617213319e-193,0.21115961762042207,5.81232360254141e-10,844,844,844,BCL2,intermediate
597,-0.02872083558323111,0.40466215408724054,0.057063349059338186,0.09758435686879288,-0.016473317929159778,0.6327208972719913,844,844,844,BCL2A1,mixed_discordant
5970,0.3352976063574492,1.2711291717526218e-23,0.08550294858476698,0.012959712764628472,0.07254608665375614,0.035096858275214145,844,844,844,RELA,post_transcriptional_discordant
598,0.33908259659394213,3.739746123290141e-24,0.23577295493891998,3.991518440737743e-12,0.16952830288181592,7.282254107499728e-07,844,844,844,BCL2L1,intermediate
60,0.19347657061343942,1.46075799938441e-08,0.3083004852336486,1.1416815577162792e-19,0.03773580363242702,0.2783931232098083,844,827,827,ACTB,intermediate
6009,0.38571640607877744,2.501554364425395e-31,0.016815899819127622,0.6291754389553873,0.07420952398651397,0.03285888921191259,844,827,827,RHEB,post_transcriptional_discordant
6118,0.3334251253651907,2.3138449576412396e-23,0.3498517120703857,3.210962603932903e-25,0.06676140569463283,0.054967145678533245,844,827,827,RPA2,concordant
6194,0.39065122035020095,3.6981824705460327e-32,-0.020383506503821612,0.5542799901333325,0.08191134910915002,0.017306251394020346,844,844,844,RPS6,post_transcriptional_discordant
6195,0.255965622674862,4.307329423226969e-14,0.5870804563418031,2.5176159198473403e-79,0.17468563489263697,3.278269942879907e-07,844,844,844,RPS6KA1,intermediate
6198,0.6797390057549519,1.779183274376505e-115,0.05209640316583669,0.13046471405646237,0.05033012317922448,0.14403369930398366,844,844,844,RPS6KB1,post_transcriptional_discordant
6240,0.35001838754972314,9.904014694880799e-26,0.11590307858426113,0.0008398559994584432,0.08575346916704621,0.013629603414766397,844,827,827,RRM1,post_transcriptional_discordant
6241,0.28194532065308636,6.89600479562611e-17,0.592534299290407,1.5634773113154115e-79,0.23239312273921583,1.3257206948793809e-11,844,827,827,RRM2,intermediate
6275,0.02630472352349429,0.4453466084324552,0.2975538556077679,2.2744094228219278e-18,-0.0034490885656291922,0.9211082533061995,844,827,827,S100A4,intermediate
6319,0.12321008641415718,0.0003334371780101162,0.18878742618980804,3.2718603600470225e-08,0.02971697313651289,0.38855608506772005,844,844,844,SCD,intermediate
637,0.2640134030079906,6.31830036707877e-15,0.027750843031355315,0.42072228856051064,0.01669859284210469,0.6280758049465633,844,844,844,BID,intermediate
6389,0.4080448056515913,3.3654572933603035e-35,0.16489769223280717,1.86467024152912e-06,0.08163365199872488,0.018876676437380526,844,827,827,SDHA,intermediate
6422,-0.028341399299732,0.41090041823815626,0.4035074228814014,9.959105579752442e-34,0.07882783628873033,0.02339024637181667,844,827,827,SFRP1,transcriptional_discordant
6426,0.22938444416980133,1.5381658346285544e-11,0.1402659569559793,4.329496783727884e-05,0.04854591192791845,0.1588112602892636,844,844,844,SRSF1,intermediate
6446,0.07414142348086572,0.03126329168776855,0.26559720059459946,8.081624683532418e-15,-0.00010334368760849671,0.9976323432029549,844,827,827,SGK1,intermediate
6464,0.204602446745974,1.987733143703888e-09,0.08361232943357955,0.015109901403188615,0.07798570850020417,0.023469188349257607,844,844,844,SHC1,intermediate
6490,0.2012532538625253,3.6674600374513286e-09,0.03684112414322428,0.2899554440378751,-0.05093480916502671,0.14333122318206354,844,827,827,PMEL,intermediate
6509,-0.06402945758740558,0.06298257376093504,-0.004415089831269699,0.9061200232205108,0.07954277636217068,0.03333098463945909,844,716,716,SLC1A5,mixed_discordant
6566,0.07846428538631467,0.022628085755472975,0.16849516086072058,1.0987702810520913e-06,0.09131907072463527,0.00859799785743116,844,827,827,SLC16A3,intermediate
6610,0.4947237347463866,2.624440386979843e-53,-0.030170996902287243,0.38619924505458836,0.05833204039643061,0.09366373496758286,844,827,827,SIRPA,post_transcriptional_discordant
6615,0.09858921837723025,0.004144819866044092,0.19463394791361013,1.1934050890910148e-08,0.0599063960842377,0.0819706972676762,844,844,844,SNAI1,intermediate
6647,0.35000670439670284,9.94327868987089e-26,0.0916015369428796,0.008393919779164366,-0.005759017673583905,0.868655565297768,844,827,827,SOD1,post_transcriptional_discordant
6657,0.11204570122733998,0.0011195327577605276,0.3331862246362063,6.85694469216673e-23,0.030505077500038894,0.3812482871729915,843,827,826,SOX2,transcriptional_discordant
6714,0.3497025253619045,1.102153904701309e-25,0.5751422950928984,1.7397657556981483e-75,0.3326385583339443,2.972199121411721e-23,844,844,844,SRC,concordant
673,0.2595480117153744,1.8479068121425422e-14,0.4168580195146049,8.243719962312739e-37,0.24602237866764676,4.215217135329084e-13,844,844,844,BRAF,intermediate
675,0.29088103273427157,6.395591329045612e-18,0.022006883135034842,0.5231699404818086,-0.0383913126995344,0.26524066122745327,844,844,844,BRCA2,intermediate
6774,0.26202104309068663,1.022469376299531e-14,0.44708873400949456,6.930006269706592e-42,0.31944175791678253,4.493536938546629e-21,844,827,827,STAT3,intermediate
6776,0.1286667982139471,0.00017822471672641617,0.43608096579349404,1.7061008895497459e-40,0.1567960251987035,4.722015087610173e-06,844,844,844,STAT5A,transcriptional_discordant
6790,0.4683480830642274,3.0968506515051787e-47,0.5992889967765858,8.969696295193203e-82,0.32515638055142715,8.102984085279159e-22,844,827,827,AURKA,concordant
6794,0.22437557509741582,4.3082901466412176e-11,0.23050446735537644,1.2176961558530365e-11,0.07581689220747603,0.027628998335898235,844,844,844,STK11,intermediate
6850,0.12838107102767485,0.00018428168521867388,0.515566353403605,1.7027734808056085e-58,0.12787764698222523,0.0001954259960709994,844,844,844,SYK,transcriptional_discordant
7019,0.3550743954755974,1.7594242612664648e-26,0.25303184720969135,1.5118959403309704e-13,0.27777209173681083,4.0642965632174896e-16,844,827,827,TFAM,intermediate
7026,0.08463576255234007,0.013909925022560762,0.34592051080692227,1.1719929147952315e-24,0.035894887695333194,0.30253048460890847,844,827,827,NR2F2,transcriptional_discordant
7037,0.26007803103603677,1.6286282677795834e-14,0.28925047548532606,9.933438795601346e-18,0.21178106137317976,5.162121836343879e-10,844,844,844,TFRC,intermediate
7052,0.10247734339014505,0.002877062679029153,0.3852539147626357,2.987415031800368e-31,0.13718173976057663,6.378004173795653e-05,844,844,844,TGM2,transcriptional_discordant
7157,0.2058953237282987,1.5647857942547633e-09,0.18644169854418202,4.860828835598677e-08,0.04477582510634484,0.1937597791016593,844,844,844,TP53,intermediate
7158,0.22875316696863193,1.7537117964625384e-11,0.3499973326759953,9.97488585308622e-26,0.22529621979463116,3.5717345058480396e-11,844,844,844,TP53BP1,intermediate
7248,0.19449595309906476,1.2225969938000373e-08,-0.12962472693260765,0.00015925378285822612,-0.01626300672073002,0.6370705392380303,844,844,844,TSC1,intermediate
7249,0.3619051205310989,1.6208018281922655e-27,0.13878214798751984,5.2218072388558174e-05,0.16440941072483803,1.5708605133437676e-06,844,844,844,TSC2,post_transcriptional_discordant
7267,0.23540928372742498,4.314732060434258e-12,0.03472763318684405,0.3185344978717217,-0.0049753057675724285,0.8863988823039227,844,827,827,TUFM,intermediate
7291,-0.016496320441904473,0.6322459256845515,0.03432706098758234,0.3241519524457183,-0.023147512155360202,0.5062108599387873,844,827,827,TWIST1,mixed_discordant
7301,0.01824527401617515,0.596587426055362,0.0645919919045277,0.06336228994790592,-0.012958029905498398,0.7098229179776101,844,827,827,TYRO3,mixed_discordant
7385,0.3925990898407113,1.723363448001869e-32,0.04018534925860875,0.24835553196534998,0.08715206794269123,0.01216690527718848,844,827,827,UQCRC2,post_transcriptional_discordant
7405,0.39148711588201296,2.666582403925944e-32,0.03669923479204203,0.29181836603198114,0.042740505974741695,0.21951578393963436,844,827,827,UVRAG,post_transcriptional_discordant
7408,0.22697077105740618,2.5343355093086002e-11,0.37125029592765163,2.0110931404340846e-28,0.12014617580772743,0.0005353011633498089,844,827,827,VASP,intermediate
7409,-0.09382780005249938,0.00637514883655617,0.4621896499777498,5.3137898678576503e-45,0.016478843602311496,0.6360651689875183,844,827,827,VAV1,transcriptional_discordant
7414,0.2176170291441384,1.6643221639557416e-10,0.3942303657691869,3.844705322379851e-32,0.11828234632547117,0.0006535846854179541,844,827,827,VCL,intermediate
7416,0.34073910728819823,2.177559854408755e-24,0.08023478956892972,0.021021848161648763,0.04689629380311116,0.17787503585772646,844,827,827,VDAC1,post_transcriptional_discordant
7428,0.30321731657146067,2.0822540436756643e-19,0.2587197779162648,4.0944666436039356e-14,0.12142473659297093,0.0004660268928031545,844,827,827,VHL,intermediate
7465,0.2903605241648727,7.363037960360314e-18,0.3602167700779423,9.670904444063621e-27,0.20435196774438902,3.0205669650848105e-09,844,827,827,WEE1,intermediate
7494,0.08947635913084237,0.009300554108170907,-0.02615826941076587,0.44788532949668486,0.028406924741037932,0.4098190689315095,844,844,844,XBP1,mixed_discordant
7507,0.19438365515438583,1.246862940212012e-08,0.3205121328381792,3.2693189278747896e-21,0.017243700182834977,0.6204770677548205,844,827,827,XPA,intermediate
7515,0.25029912527614495,1.599666882035076e-13,0.3672889135354222,2.374558419224678e-28,0.14606212832985077,2.044938481965726e-05,844,844,844,XRCC1,intermediate
7520,0.2578731254412577,2.7492676654673926e-14,0.0397396354299792,0.2488087588683451,0.09845621731374293,0.004196003672149271,844,844,844,XRCC5,intermediate
7529,0.4704445079222468,1.0652794567110675e-47,-0.04255897755735543,0.21677954603141783,-0.02046540405921554,0.5526891339029044,844,844,844,YWHAB,post_transcriptional_discordant
7531,0.4977592224662422,4.848528371267818e-54,0.12907335851124963,0.00016992772225724574,0.13773512688279696,5.9532802584567285e-05,844,844,844,YWHAE,post_transcriptional_discordant
7534,0.6302960764802045,1.1737668410346287e-94,0.5560356040740482,1.1660052273352106e-69,0.4255550377827455,1.899980845798055e-38,844,844,844,YWHAZ,concordant
7535,-0.0077791985148201286,0.8214602368401818,0.6240692458590981,1.7942941382699355e-90,0.005797135267839228,0.8677941862994097,844,827,827,ZAP70,transcriptional_discordant
7706,0.023462390355721424,0.49605797196973456,0.05028162740108129,0.1485404495321847,0.22191347756677726,1.0989662331222975e-10,844,827,827,TRIM25,mixed_discordant
780,0.18222160038806523,9.78406913561811e-08,0.41395204266110086,1.41533872962057e-35,0.18212416501185108,1.337005758570402e-07,844,827,827,DDR1,intermediate
7846,0.05675013409511843,0.0994407151307719,0.056512823240782314,0.10437293707812244,0.017436838763736945,0.6165672194605897,844,827,827,TUBA1A,mixed_discordant
7849,-0.009426699652102563,0.7844983738244529,-0.037130178745162036,0.28618510105578,0.0015536981291184322,0.9644157111653124,844,827,827,PAX8,mixed_discordant
79068,0.253916389843486,6.948687969904272e-14,0.27463474322371884,8.910311865489615e-16,0.3823424861148228,3.511643231635652e-30,844,827,827,FTO,intermediate
80231,-0.028013660865462288,0.4163343330972587,-0.006363214244082278,0.8550209489617192,0.01586537303893735,0.6486857335154657,844,827,827,BAAT1,mixed_discordant
80326,0.07267610455654785,0.03477009960737392,0.0020051505049467205,0.954086230654874,-0.028471109729351064,0.4135351603650635,844,827,827,UBQLN4,mixed_discordant
81620,0.423038961918771,5.719853846666185e-38,-0.017860780846979514,0.6080231269779626,-0.029082413309700822,0.40357566423762825,844,827,827,CDT1,post_transcriptional_discordant
821,0.3174650160264877,3.2339308777047355e-21,0.4109978664215854,4.7865849681262186e-35,0.27120779038033493,2.076152606950402e-15,844,827,827,CANX,concordant
8289,0.17097427694853246,5.83610398771389e-07,0.2850020459006002,3.08672331099202e-17,0.1957434708135098,9.82028351880764e-09,844,844,844,ARID1A,intermediate
8290,0.11377476472763429,0.0009289460167844342,0.033095308067566304,0.341826392821767,-0.05041679271001935,0.1474508103684128,844,827,827,H3C1,mixed_discordant
8314,0.2899399306504639,8.248928147762868e-18,0.10637887991771168,0.001970187694983836,0.07064102589530255,0.040192753467735945,844,844,844,BAP1,intermediate
8345,0.043906600974911184,0.20256259553341166,-0.11275379916303424,0.0011622420700111746,-0.10652878279540831,0.0021577641578676863,844,827,827,H2BC11,mixed_discordant
83481,0.32024632085238364,1.3964625862953312e-21,0.4478824269601728,7.07902115882249e-43,0.16976734516325304,7.021464533308577e-07,844,844,844,EPPK1,concordant
836,0.33988307315769883,2.8808605195474425e-24,0.08915331358353082,0.009559283476459476,0.010635391760923539,0.7576815223591437,844,844,844,CASP3,post_transcriptional_discordant
8408,0.24753909866529933,2.9957012234560945e-13,0.16656189806169705,1.4620104331128476e-06,0.02121481982806537,0.5423698443480182,844,827,827,ULK1,intermediate
841,0.14394924882323235,2.6969938949679745e-05,0.016163538826162675,0.6425388739473585,-0.058899265106814216,0.09051073646281373,844,827,827,CASP8,mixed_discordant
842,0.25629499443713544,3.9870638947418965e-14,-0.1507697349950377,1.088559394061192e-05,0.02009155922625746,0.559969182219095,844,844,844,CASP9,intermediate
84335,0.305650857158814,1.0388687138592324e-19,0.08727405494251245,0.012046166064432576,0.04255187188011617,0.2215591048856004,844,827,827,AKT1S1,post_transcriptional_discordant
84557,0.05602184412733686,0.10407155776185256,0.14167942663654406,4.335336006097817e-05,-0.04925732975091052,0.15725004945284307,843,827,826,MAP1LC3A,mixed_discordant
84816,0.66101750384419,3.98525066236839e-107,0.009281488440811626,0.7877380839944361,0.006037446673157975,0.8609699393940743,844,844,844,C12orf5,post_transcriptional_discordant
84971,0.32235217829064744,7.350928794976972e-22,0.08198284633144316,0.018371964763144125,-0.0791432898660242,0.022840009655369763,844,827,827,UBAC1,post_transcriptional_discordant
8505,0.34163320007406484,1.6240817484649444e-24,0.18145313076828312,1.488799798671568e-07,0.23866340365853653,3.5573611780140365e-12,844,827,827,PARG,intermediate
8569,0.2220858816655878,6.843511230894862e-11,0.22841195030465777,2.997263226772966e-11,0.27271255588326293,1.434141252585795e-15,844,827,827,MKNK1,intermediate
857,-0.08343597604453108,0.015325623173872104,0.47447298812216665,1.342162129252686e-48,-0.07244261777220955,0.03535876079373266,844,844,844,CAV1,transcriptional_discordant
8660,0.2269181967171027,2.5618900530808956e-11,0.7124356998043562,4.834931679202003e-129,0.24479132912915852,9.481068459087302e-13,844,827,827,IRS2,intermediate
8678,0.3839220423455847,4.9727532018426445e-31,-0.03423961964880089,0.32044905701746185,0.041461529415934145,0.22887600832081725,844,844,844,BECN1,post_transcriptional_discordant
8682,0.23067804401799033,1.174267476237656e-11,0.4313081741373943,1.475747674003451e-39,0.04894869160364887,0.15537903657359678,844,844,844,PEA15,intermediate
8737,0.22966053618555213,1.4522480627544674e-11,0.2131777618378631,5.920703462615294e-10,0.21256272959708625,6.648187796630241e-10,844,827,827,RIPK1,intermediate
8766,0.40089629378964275,6.291309205941563e-34,0.11855667607772863,0.0005578003487658538,-0.0241332563798069,0.48381834291425874,844,844,844,RAB11A,post_transcriptional_discordant
8805,0.30718667419146256,6.675986796010453e-20,0.054756931106340806,0.11560836829769137,0.11910550238281503,0.000598632829775689,844,827,827,TRIM24,post_transcriptional_discordant
8821,0.16851688413051494,8.492482190769265e-07,0.7242787133126354,4.25130807615733e-138,0.15412657971478028,6.8627402336351935e-06,844,844,844,INPP4B,intermediate
8878,0.3225598569936299,6.898243946251994e-22,0.44732157355694935,9.232295419551522e-43,0.22009694182484546,1.0187814509741004e-10,844,844,844,SQSTM1,concordant
890,0.22879487434893608,1.73860322771874e-11,0.18637497453687035,6.702660596376758e-08,0.03062289594634927,0.3791218356577564,844,827,827,CDC6,intermediate
891,0.1316350881841692,0.00012543508787465606,0.7195017563275461,1.839675794932531e-135,-0.04200858084344522,0.2227875552550372,844,844,844,CCNB1,transcriptional_discordant
896,0.32988957538572233,7.090119099895334e-23,0.16829794552450514,1.131424119362096e-06,0.1375016017567367,7.275438531235182e-05,844,827,827,CCND3,intermediate
898,0.4327194762281976,7.825247172953223e-40,0.7956297757537223,1.7751580108426726e-185,0.3975916472708346,2.3780914824757296e-33,844,844,844,CCNE1,concordant
9055,0.3270524711052162,1.723125834697532e-22,0.029352902882207467,0.3992149364688072,-0.016247582989593987,0.6408106368845774,844,827,827,PRC1,post_transcriptional_discordant
9077,0.007109846310830906,0.8365960620755448,0.07881109219711524,0.022035028135547412,-0.0395613866833254,0.25093934852371785,844,844,844,DIRAS3,mixed_discordant
9088,0.2081944970441972,1.0185890473654812e-09,0.4187462768188578,1.908837425339894e-36,0.062186237399966114,0.07388051571088147,844,827,827,PKMYT1,intermediate
915,-0.021904382748664162,0.5251074493802085,-0.018571251306768073,0.5900435840067859,0.07574423395771143,0.027778706212058815,844,844,844,CCNE2,mixed_discordant
91607,-0.019101752072526415,0.5794651996844471,0.1391861183011892,5.915166163101236e-05,-0.01993910776649165,0.5669218781511165,844,827,827,SLFN11,mixed_discordant
920,-0.034343551058816146,0.31898149339786486,0.5743026238175952,9.692192999597432e-74,0.0006106736200599538,0.9860098498272796,844,827,827,CD4,transcriptional_discordant
9212,0.22395384360570925,4.693385821926092e-11,0.36423275410261857,2.4033443827679876e-27,0.07948834298918417,0.022251031114231917,844,827,827,AURKB,intermediate
931,-0.048493099346138324,0.15926550943437784,0.16377743644340492,1.7244804725238698e-06,-0.05182591957791465,0.13247593779837596,844,844,844,MS4A1,intermediate
9313,0.11029697942996383,0.0013303080580546272,0.1964762223680202,1.2174782925136568e-08,0.12836172240069044,0.0002146552292546803,844,827,827,TRIP13,intermediate
94,-0.06937019741265898,0.04392966005238836,0.08633945794157372,0.012097901375011842,-0.0765327229603895,0.026190830956145907,844,844,844,ACVRL1,mixed_discordant
94025,0.06637526180502182,0.05390727689015911,-0.08126046625834328,0.01942940377106787,0.021745637680511663,0.5323120795397411,844,827,827,CD276,mixed_discordant
942,0.03953050178083119,0.2513098008528752,-0.03420312541520821,0.3259029388010963,0.013568969839261523,0.69680362801975,844,827,827,CD86,mixed_discordant
943,0.0535944612398753,0.11975096395665252,0.10485513653928281,0.0025348651074802555,-0.08587832983600024,0.013492991096742327,844,827,827,OX40,mixed_discordant
9451,0.1217546237058692,0.00039241823954203704,0.30613966004443316,2.1045898434941058e-19,0.23109684013150025,1.731906246097026e-11,844,827,827,EIF2AK3,transcriptional_discordant
9474,0.644900284113634,2.0950330500980703e-100,0.2697155126622287,2.9895316377497877e-15,0.15864318159513785,4.553794130161212e-06,844,827,827,ATG5,intermediate
9477,0.5217770569833571,4.116153329723005e-60,-0.0626751812439022,0.0716345975217579,0.05606029736927452,0.10718220511966213,844,827,827,ATG3,post_transcriptional_discordant
952,-0.09558434969549713,0.005450375136691713,0.5119809459492243,1.8875099780173715e-56,-0.08629198798042328,0.013048989706579655,844,827,827,CD38,transcriptional_discordant
9557,0.3034917734936059,1.9258362067662842e-19,0.28425669649189195,7.768838549215546e-17,0.31514337134535697,1.5911078288213665e-20,844,827,827,CHD1L,intermediate
9589,0.40919775345593407,2.0846233974879593e-35,0.19442777181163426,1.7334438884656717e-08,0.17235022126285843,6.156512169915947e-07,844,827,827,WTAP,intermediate
960,0.19740388831073985,7.3198322149603015e-09,0.47061577669727095,8.280412031382594e-47,0.18500139170343827,8.392944473688928e-08,844,827,827,CD44,intermediate
9708,0.057312834858240756,0.09612557681594412,-0.00483416533831795,0.8896006317688888,0.030398075826458426,0.38263284199653935,844,827,827,ZEB1,mixed_discordant
9788,0.30894786114839073,4.0076028685578065e-20,0.03825290358728617,0.2718551884041917,0.05151479267799316,0.13882405917998134,844,827,827,MTSS1,post_transcriptional_discordant
983,0.373121574514272,2.8434372841091884e-29,0.2665439884560935,3.4081719755255395e-15,0.11703624500600382,0.000657354468768136,844,844,844,CDK1,intermediate
9846,0.4414797543585707,1.4253708276435968e-41,0.6848932985836365,6.927866957974516e-118,0.4355779306556521,2.145204099887462e-40,844,844,844,GAB2,concordant
9892,0.04923980575730193,0.15293355990253993,-0.03477592579420449,0.31786158718586893,-0.0699583350517447,0.044298423178861034,844,827,827,SGK3,mixed_discordant
9927,0.30708135642571993,6.882104290408082e-20,0.15389131915381266,8.774540736043037e-06,0.04789188777286997,0.16883322423424799,844,827,827,MFN2,intermediate
995,0.21262522712725565,4.391246149755437e-10,0.6274176166250367,1.0417607406294874e-91,0.1563495776360674,6.264864212673504e-06,844,827,827,CDC25C,intermediate
998,0.2973017912913354,1.0983885964597235e-18,0.0281754482573117,0.41840380216750783,-0.025971373315840186,0.45574552638064714,844,827,827,CDC42,intermediate
999,0.39585178238490726,4.7605421834339804e-33,0.6677242794248817,4.77688427344108e-110,0.22410115800451494,4.5551948595461364e-11,844,844,844,CDH1,concordant
