term,count_discordant,count_concordant,freq_discordant,freq_concordant,fold_enrichment,fisher_pval,odds_ratio
Metabolism,49,6,0.29518072289156627,0.15384615384615385,1.9186746987951806,0.05149897383668703,2.3034188034188032
Biological oxidations,36,4,0.21686746987951808,0.10256410256410256,2.1144578313253013,0.07607171041238937,2.423076923076923
Aflatoxin activation and detoxification,35,4,0.21084337349397592,0.10256410256410256,2.055722891566265,0.08812246433946316,2.3377862595419847
Cytochrome P450 - arranged by substrate type,34,4,0.20481927710843373,0.10256410256410256,1.9969879518072289,0.10172286844130829,2.253787878787879
Xenobiotics,34,4,0.20481927710843373,0.10256410256410256,1.9969879518072289,0.10172286844130829,2.253787878787879
Phase I - Functionalization of compounds,34,4,0.20481927710843373,0.10256410256410256,1.9969879518072289,0.10172286844130829,2.253787878787879
Deubiquitination,10,0,0.060240963855421686,0.0,inf,0.11490532845494919,inf
Hemostasis,20,2,0.12048192771084337,0.05128205128205128,2.3493975903614457,0.1668605050531828,2.5342465753424657
Neurotransmitter receptors and postsynaptic signal transmission,8,0,0.04819277108433735,0.0,inf,0.17885691132397397,inf
Organelle biogenesis and maintenance,8,0,0.04819277108433735,0.0,inf,0.17885691132397397,inf
Neuronal System,8,0,0.04819277108433735,0.0,inf,0.17885691132397397,inf
Mitotic Prophase,8,0,0.04819277108433735,0.0,inf,0.17885691132397397,inf
Signal Transduction,75,14,0.45180722891566266,0.358974358974359,1.258605851979346,0.19175072932285359,1.4717425431711146
M Phase,7,0,0.04216867469879518,0.0,inf,0.22272747447891103,inf
Metabolism of lipids,7,0,0.04216867469879518,0.0,inf,0.22272747447891103,inf
Response to elevated platelet cytosolic Ca2+,7,0,0.04216867469879518,0.0,inf,0.22272747447891103,inf
Transmission across Chemical Synapses,7,0,0.04216867469879518,0.0,inf,0.22272747447891103,inf
Transcriptional regulation by RUNX2,7,0,0.04216867469879518,0.0,inf,0.22272747447891103,inf
Cellular responses to stress,22,3,0.13253012048192772,0.07692307692307693,1.7228915662650603,0.2555222315752055,1.8333333333333333
Regulated Necrosis,6,0,0.03614457831325301,0.0,inf,0.2770172963831457,inf
Oncogenic MAPK signaling,6,0,0.03614457831325301,0.0,inf,0.2770172963831457,inf
Ub-specific processing proteases,6,0,0.03614457831325301,0.0,inf,0.2770172963831457,inf
Neutrophil degranulation,6,0,0.03614457831325301,0.0,inf,0.2770172963831457,inf
Regulation of Insulin-like Growth Factor (IGF) transport and uptake by Insulin-like Growth Factor Binding Proteins (IGFBPs),6,0,0.03614457831325301,0.0,inf,0.2770172963831457,inf
Metabolism of RNA,6,0,0.03614457831325301,0.0,inf,0.2770172963831457,inf
Meiosis,5,0,0.030120481927710843,0.0,inf,0.3441208650722305,inf
Platelet Aggregation (Plug Formation),5,0,0.030120481927710843,0.0,inf,0.3441208650722305,inf
Clathrin-mediated endocytosis,5,0,0.030120481927710843,0.0,inf,0.3441208650722305,inf
GPCR ligand binding,5,0,0.030120481927710843,0.0,inf,0.3441208650722305,inf
Platelet degranulation ,5,0,0.030120481927710843,0.0,inf,0.3441208650722305,inf
Downstream TCR signaling,5,0,0.030120481927710843,0.0,inf,0.3441208650722305,inf
Extracellular matrix organization,10,1,0.060240963855421686,0.02564102564102564,2.3493975903614457,0.3447159853648476,2.4358974358974357
PI3K/AKT Signaling in Cancer,14,2,0.08433734939759036,0.05128205128205128,1.644578313253012,0.3804433201100942,1.7039473684210527
Signaling by Nuclear Receptors,9,1,0.05421686746987952,0.02564102564102564,2.1144578313253013,0.40033894690991856,2.178343949044586
ESR-mediated signaling,9,1,0.05421686746987952,0.02564102564102564,2.1144578313253013,0.40033894690991856,2.178343949044586
Interleukin-4 and Interleukin-13 signaling,9,1,0.05421686746987952,0.02564102564102564,2.1144578313253013,0.40033894690991856,2.178343949044586
Energy dependent regulation of mTOR by LKB1-AMPK,4,0,0.024096385542168676,0.0,inf,0.4269647770340639,inf
G alpha (q) signalling events,4,0,0.024096385542168676,0.0,inf,0.4269647770340639,inf
Diseases of metabolism,4,0,0.024096385542168676,0.0,inf,0.4269647770340639,inf
RIPK1-mediated regulated necrosis,4,0,0.024096385542168676,0.0,inf,0.4269647770340639,inf
Constitutive Signaling by AKT1 E17K in Cancer,4,0,0.024096385542168676,0.0,inf,0.4269647770340639,inf
Caspase activation via extrinsic apoptotic signalling pathway,4,0,0.024096385542168676,0.0,inf,0.4269647770340639,inf
Hedgehog 'off' state,4,0,0.024096385542168676,0.0,inf,0.4269647770340639,inf
Nuclear signaling by ERBB4,4,0,0.024096385542168676,0.0,inf,0.4269647770340639,inf
Cilium Assembly,4,0,0.024096385542168676,0.0,inf,0.4269647770340639,inf
RHO GTPases Activate Formins,4,0,0.024096385542168676,0.0,inf,0.4269647770340639,inf
Regulation of necroptotic cell death,4,0,0.024096385542168676,0.0,inf,0.4269647770340639,inf
Centrosome maturation,4,0,0.024096385542168676,0.0,inf,0.4269647770340639,inf
Translocation of ZAP-70 to Immunological synapse,4,0,0.024096385542168676,0.0,inf,0.4269647770340639,inf
Signaling by BRAF and RAF1 fusions,4,0,0.024096385542168676,0.0,inf,0.4269647770340639,inf
Circadian Clock,4,0,0.024096385542168676,0.0,inf,0.4269647770340639,inf
Phosphorylation of CD3 and TCR zeta chains,4,0,0.024096385542168676,0.0,inf,0.4269647770340639,inf
AKT phosphorylates targets in the cytosol,4,0,0.024096385542168676,0.0,inf,0.4269647770340639,inf
Syndecan interactions,4,0,0.024096385542168676,0.0,inf,0.4269647770340639,inf
Condensation of Prophase Chromosomes,4,0,0.024096385542168676,0.0,inf,0.4269647770340639,inf
MET promotes cell motility,4,0,0.024096385542168676,0.0,inf,0.4269647770340639,inf
Non-integrin membrane-ECM interactions,4,0,0.024096385542168676,0.0,inf,0.4269647770340639,inf
Transcriptional regulation of white adipocyte differentiation,4,0,0.024096385542168676,0.0,inf,0.4269647770340639,inf
Nuclear Envelope Breakdown,4,0,0.024096385542168676,0.0,inf,0.4269647770340639,inf
Post NMDA receptor activation events,4,0,0.024096385542168676,0.0,inf,0.4269647770340639,inf
Dectin-2 family,4,0,0.024096385542168676,0.0,inf,0.4269647770340639,inf
Activation of NMDA receptors and postsynaptic events,4,0,0.024096385542168676,0.0,inf,0.4269647770340639,inf
PD-1 signaling,4,0,0.024096385542168676,0.0,inf,0.4269647770340639,inf
Factors involved in megakaryocyte development and platelet production,4,0,0.024096385542168676,0.0,inf,0.4269647770340639,inf
Transcriptional regulation of pluripotent stem cells,4,0,0.024096385542168676,0.0,inf,0.4269647770340639,inf
Mitochondrial biogenesis,4,0,0.024096385542168676,0.0,inf,0.4269647770340639,inf
Signaling by Hedgehog,4,0,0.024096385542168676,0.0,inf,0.4269647770340639,inf
HSP90 chaperone cycle for steroid hormone receptors (SHR) in the presence of ligand,4,0,0.024096385542168676,0.0,inf,0.4269647770340639,inf
MTOR signalling,8,1,0.04819277108433735,0.02564102564102564,1.8795180722891567,0.462122679512197,1.9240506329113924
TCR signaling,8,1,0.04819277108433735,0.02564102564102564,1.8795180722891567,0.462122679512197,1.9240506329113924
Downstream signaling events of B Cell Receptor (BCR),8,1,0.04819277108433735,0.02564102564102564,1.8795180722891567,0.462122679512197,1.9240506329113924
Cellular responses to stimuli,16,3,0.0963855421686747,0.07692307692307693,1.2530120481927711,0.4934849945521357,1.28
Intracellular signaling by second messengers,16,3,0.0963855421686747,0.07692307692307693,1.2530120481927711,0.4934849945521357,1.28
Beta-catenin independent WNT signaling,3,0,0.018072289156626505,0.0,inf,0.5291219936250362,inf
Signaling by NOTCH3,3,0,0.018072289156626505,0.0,inf,0.5291219936250362,inf
Microbial modulation of RIPK1-mediated regulated necrosis,3,0,0.018072289156626505,0.0,inf,0.5291219936250362,inf
Nuclear events stimulated by ALK signaling in cancer,3,0,0.018072289156626505,0.0,inf,0.5291219936250362,inf
Metabolism of vitamins and cofactors,3,0,0.018072289156626505,0.0,inf,0.5291219936250362,inf
TBC/RABGAPs,3,0,0.018072289156626505,0.0,inf,0.5291219936250362,inf
Trafficking of AMPA receptors,3,0,0.018072289156626505,0.0,inf,0.5291219936250362,inf
Parasite infection,3,0,0.018072289156626505,0.0,inf,0.5291219936250362,inf
Nuclear Receptor transcription pathway,3,0,0.018072289156626505,0.0,inf,0.5291219936250362,inf
Signaling by Hippo,3,0,0.018072289156626505,0.0,inf,0.5291219936250362,inf
Leishmania phagocytosis,3,0,0.018072289156626505,0.0,inf,0.5291219936250362,inf
Reproduction,3,0,0.018072289156626505,0.0,inf,0.5291219936250362,inf
TNF signaling,3,0,0.018072289156626505,0.0,inf,0.5291219936250362,inf
MAP2K and MAPK activation,3,0,0.018072289156626505,0.0,inf,0.5291219936250362,inf
Ion channel transport,3,0,0.018072289156626505,0.0,inf,0.5291219936250362,inf
PKMTs methylate histone lysines,3,0,0.018072289156626505,0.0,inf,0.5291219936250362,inf
SUMOylation of intracellular receptors,3,0,0.018072289156626505,0.0,inf,0.5291219936250362,inf
Diseases of glycosylation,3,0,0.018072289156626505,0.0,inf,0.5291219936250362,inf
Growth hormone receptor signaling,3,0,0.018072289156626505,0.0,inf,0.5291219936250362,inf
Caspase activation via Dependence Receptors in the absence of ligand,3,0,0.018072289156626505,0.0,inf,0.5291219936250362,inf
Platelet Adhesion to exposed collagen,3,0,0.018072289156626505,0.0,inf,0.5291219936250362,inf
Post-translational protein phosphorylation,3,0,0.018072289156626505,0.0,inf,0.5291219936250362,inf
Nuclear Events (kinase and transcription factor activation),3,0,0.018072289156626505,0.0,inf,0.5291219936250362,inf
Cytosolic sensors of pathogen-associated DNA ,3,0,0.018072289156626505,0.0,inf,0.5291219936250362,inf
PCP/CE pathway,3,0,0.018072289156626505,0.0,inf,0.5291219936250362,inf
Regulation of PTEN gene transcription,3,0,0.018072289156626505,0.0,inf,0.5291219936250362,inf
Estrogen-dependent gene expression,3,0,0.018072289156626505,0.0,inf,0.5291219936250362,inf
Unfolded Protein Response (UPR),3,0,0.018072289156626505,0.0,inf,0.5291219936250362,inf
Cytochrome c-mediated apoptotic response,3,0,0.018072289156626505,0.0,inf,0.5291219936250362,inf
FCGR3A-mediated phagocytosis,3,0,0.018072289156626505,0.0,inf,0.5291219936250362,inf
Rab regulation of trafficking,3,0,0.018072289156626505,0.0,inf,0.5291219936250362,inf
Interleukin-12 signaling,3,0,0.018072289156626505,0.0,inf,0.5291219936250362,inf
Gene and protein expression by JAK-STAT signaling after Interleukin-12 stimulation,3,0,0.018072289156626505,0.0,inf,0.5291219936250362,inf
Ovarian tumor domain proteases,3,0,0.018072289156626505,0.0,inf,0.5291219936250362,inf
Mitotic Prometaphase,3,0,0.018072289156626505,0.0,inf,0.5291219936250362,inf
TNFR2 non-canonical NF-kB pathway,3,0,0.018072289156626505,0.0,inf,0.5291219936250362,inf
RUNX2 regulates bone development,3,0,0.018072289156626505,0.0,inf,0.5291219936250362,inf
Nonhomologous End-Joining (NHEJ),3,0,0.018072289156626505,0.0,inf,0.5291219936250362,inf
WNT5A-dependent internalization of FZD4,3,0,0.018072289156626505,0.0,inf,0.5291219936250362,inf
Recruitment of mitotic centrosome proteins and complexes,3,0,0.018072289156626505,0.0,inf,0.5291219936250362,inf
"BMAL1:CLOCK,NPAS2 activates circadian gene expression",3,0,0.018072289156626505,0.0,inf,0.5291219936250362,inf
Signaling by MET,3,0,0.018072289156626505,0.0,inf,0.5291219936250362,inf
Hedgehog 'on' state,3,0,0.018072289156626505,0.0,inf,0.5291219936250362,inf
Anti-inflammatory response favouring Leishmania parasite infection,3,0,0.018072289156626505,0.0,inf,0.5291219936250362,inf
GPVI-mediated activation cascade,3,0,0.018072289156626505,0.0,inf,0.5291219936250362,inf
Oncogene Induced Senescence,3,0,0.018072289156626505,0.0,inf,0.5291219936250362,inf
Regulation of RUNX2 expression and activity,3,0,0.018072289156626505,0.0,inf,0.5291219936250362,inf
Stimuli-sensing channels,3,0,0.018072289156626505,0.0,inf,0.5291219936250362,inf
Diseases associated with O-glycosylation of proteins,3,0,0.018072289156626505,0.0,inf,0.5291219936250362,inf
Interferon Signaling,3,0,0.018072289156626505,0.0,inf,0.5291219936250362,inf
"Signaling by phosphorylated juxtamembrane, extracellular and kinase domain KIT mutants",3,0,0.018072289156626505,0.0,inf,0.5291219936250362,inf
Interleukin-2 signaling,3,0,0.018072289156626505,0.0,inf,0.5291219936250362,inf
BH3-only proteins associate with and inactivate anti-apoptotic BCL-2 members,3,0,0.018072289156626505,0.0,inf,0.5291219936250362,inf
Signaling by NOTCH2,3,0,0.018072289156626505,0.0,inf,0.5291219936250362,inf
Loss of proteins required for interphase microtubule organization from the centrosome,3,0,0.018072289156626505,0.0,inf,0.5291219936250362,inf
Metabolism of water-soluble vitamins and cofactors,3,0,0.018072289156626505,0.0,inf,0.5291219936250362,inf
Regulation of lipid metabolism by PPARalpha,3,0,0.018072289156626505,0.0,inf,0.5291219936250362,inf
Neddylation,3,0,0.018072289156626505,0.0,inf,0.5291219936250362,inf
Fatty acid metabolism,3,0,0.018072289156626505,0.0,inf,0.5291219936250362,inf
Interleukin-7 signaling,3,0,0.018072289156626505,0.0,inf,0.5291219936250362,inf
Basigin interactions,3,0,0.018072289156626505,0.0,inf,0.5291219936250362,inf
PECAM1 interactions,3,0,0.018072289156626505,0.0,inf,0.5291219936250362,inf
Disassembly of the destruction complex and recruitment of AXIN to the membrane,3,0,0.018072289156626505,0.0,inf,0.5291219936250362,inf
PPARA activates gene expression,3,0,0.018072289156626505,0.0,inf,0.5291219936250362,inf
Inactivation of CSF3 (G-CSF) signaling,3,0,0.018072289156626505,0.0,inf,0.5291219936250362,inf
"Glutamate binding, activation of AMPA receptors and synaptic plasticity",3,0,0.018072289156626505,0.0,inf,0.5291219936250362,inf
Death Receptor Signalling,7,1,0.04216867469879518,0.02564102564102564,1.644578313253012,0.5298214165634704,1.6729559748427674
TCF dependent signaling in response to WNT,7,1,0.04216867469879518,0.02564102564102564,1.644578313253012,0.5298214165634704,1.6729559748427674
"Platelet activation, signaling and aggregation",11,2,0.06626506024096386,0.05128205128205128,1.2921686746987953,0.535339389454199,1.3129032258064517
Signaling by Receptor Tyrosine Kinases,23,5,0.13855421686746988,0.1282051282051282,1.0807228915662652,0.5512974539087361,1.0937062937062938
Diseases of signal transduction by growth factor receptors and second messengers,31,7,0.18674698795180722,0.1794871794871795,1.040447504302926,0.560992797746173,1.0497354497354496
Signaling by WNT,10,2,0.060240963855421686,0.05128205128205128,1.1746987951807228,0.5922955074997385,1.185897435897436
Macroautophagy,10,2,0.060240963855421686,0.05128205128205128,1.1746987951807228,0.5922955074997385,1.185897435897436
MAPK1/MAPK3 signaling,10,2,0.060240963855421686,0.05128205128205128,1.1746987951807228,0.5922955074997385,1.185897435897436
Signaling by ALK fusions and activated point mutants,6,1,0.03614457831325301,0.02564102564102564,1.4096385542168675,0.6027562278085532,1.425
Transport of small molecules,6,1,0.03614457831325301,0.02564102564102564,1.4096385542168675,0.6027562278085532,1.425
Signaling by NOTCH,6,1,0.03614457831325301,0.02564102564102564,1.4096385542168675,0.6027562278085532,1.425
C-type lectin receptors (CLRs),6,1,0.03614457831325301,0.02564102564102564,1.4096385542168675,0.6027562278085532,1.425
p75 NTR receptor-mediated signalling,6,1,0.03614457831325301,0.02564102564102564,1.4096385542168675,0.6027562278085532,1.425
Autophagy,9,2,0.05421686746987952,0.05128205128205128,1.0572289156626506,0.650642273862738,1.0605095541401275
Signaling by NTRK1 (TRKA),9,2,0.05421686746987952,0.05128205128205128,1.0572289156626506,0.650642273862738,1.0605095541401275
Intrinsic Pathway for Apoptosis,9,2,0.05421686746987952,0.05128205128205128,1.0572289156626506,0.650642273862738,1.0605095541401275
Constitutive Signaling by Aberrant PI3K in Cancer,9,2,0.05421686746987952,0.05128205128205128,1.0572289156626506,0.650642273862738,1.0605095541401275
Signaling by NTRKs,9,2,0.05421686746987952,0.05128205128205128,1.0572289156626506,0.650642273862738,1.0605095541401275
Negative regulation of TCF-dependent signaling by WNT ligand antagonists,2,0,0.012048192771084338,0.0,inf,0.6549497847919655,inf
Signaling by NOTCH4,2,0,0.012048192771084338,0.0,inf,0.6549497847919655,inf
Trafficking of GluR2-containing AMPA receptors,2,0,0.012048192771084338,0.0,inf,0.6549497847919655,inf
HIV Infection,2,0,0.012048192771084338,0.0,inf,0.6549497847919655,inf
"POU5F1 (OCT4), SOX2, NANOG activate genes related to proliferation",2,0,0.012048192771084338,0.0,inf,0.6549497847919655,inf
Nicotinate metabolism,2,0,0.012048192771084338,0.0,inf,0.6549497847919655,inf
Regulation of KIT signaling,2,0,0.012048192771084338,0.0,inf,0.6549497847919655,inf
RUNX3 regulates BCL2L11 (BIM) transcription,2,0,0.012048192771084338,0.0,inf,0.6549497847919655,inf
"Activation of NIMA Kinases NEK9, NEK6, NEK7",2,0,0.012048192771084338,0.0,inf,0.6549497847919655,inf
Estrogen-dependent nuclear events downstream of ESR-membrane signaling,2,0,0.012048192771084338,0.0,inf,0.6549497847919655,inf
Signaling by Activin,2,0,0.012048192771084338,0.0,inf,0.6549497847919655,inf
"FOXO-mediated transcription of oxidative stress, metabolic and neuronal genes",2,0,0.012048192771084338,0.0,inf,0.6549497847919655,inf
Negative regulation of FGFR3 signaling,2,0,0.012048192771084338,0.0,inf,0.6549497847919655,inf
Disinhibition of SNARE formation,2,0,0.012048192771084338,0.0,inf,0.6549497847919655,inf
ZBP1(DAI) mediated induction of type I IFNs,2,0,0.012048192771084338,0.0,inf,0.6549497847919655,inf
Antigen activates B Cell Receptor (BCR) leading to generation of second messengers,2,0,0.012048192771084338,0.0,inf,0.6549497847919655,inf
Translation of Replicase and Assembly of the Replication Transcription Complex,2,0,0.012048192771084338,0.0,inf,0.6549497847919655,inf
Class B/2 (Secretin family receptors),2,0,0.012048192771084338,0.0,inf,0.6549497847919655,inf
Depolymerisation of the Nuclear Lamina,2,0,0.012048192771084338,0.0,inf,0.6549497847919655,inf
Opioid Signalling,2,0,0.012048192771084338,0.0,inf,0.6549497847919655,inf
CLEC7A/inflammasome pathway,2,0,0.012048192771084338,0.0,inf,0.6549497847919655,inf
Negative regulation of MAPK pathway,2,0,0.012048192771084338,0.0,inf,0.6549497847919655,inf
Regulation of gene expression in late stage (branching morphogenesis) pancreatic bud precursor cells,2,0,0.012048192771084338,0.0,inf,0.6549497847919655,inf
EPHA-mediated growth cone collapse,2,0,0.012048192771084338,0.0,inf,0.6549497847919655,inf
NOTCH4 Intracellular Domain Regulates Transcription,2,0,0.012048192771084338,0.0,inf,0.6549497847919655,inf
Heme signaling,2,0,0.012048192771084338,0.0,inf,0.6549497847919655,inf
Muscle contraction,2,0,0.012048192771084338,0.0,inf,0.6549497847919655,inf
O-linked glycosylation of mucins,2,0,0.012048192771084338,0.0,inf,0.6549497847919655,inf
Amyloid fiber formation,2,0,0.012048192771084338,0.0,inf,0.6549497847919655,inf
Senescence-Associated Secretory Phenotype (SASP),2,0,0.012048192771084338,0.0,inf,0.6549497847919655,inf
RUNX1 regulates transcription of genes involved in differentiation of HSCs,2,0,0.012048192771084338,0.0,inf,0.6549497847919655,inf
Resolution of D-loop Structures through Holliday Junction Intermediates,2,0,0.012048192771084338,0.0,inf,0.6549497847919655,inf
Activation of Matrix Metalloproteinases,2,0,0.012048192771084338,0.0,inf,0.6549497847919655,inf
TRP channels,2,0,0.012048192771084338,0.0,inf,0.6549497847919655,inf
Antiviral mechanism by IFN-stimulated genes,2,0,0.012048192771084338,0.0,inf,0.6549497847919655,inf
Signaling by KIT in disease,2,0,0.012048192771084338,0.0,inf,0.6549497847919655,inf
SMAD2/SMAD3:SMAD4 heterotrimer regulates transcription,2,0,0.012048192771084338,0.0,inf,0.6549497847919655,inf
Pyroptosis,2,0,0.012048192771084338,0.0,inf,0.6549497847919655,inf
Inhibition of DNA recombination at telomere,2,0,0.012048192771084338,0.0,inf,0.6549497847919655,inf
NOTCH3 Intracellular Domain Regulates Transcription,2,0,0.012048192771084338,0.0,inf,0.6549497847919655,inf
Erythropoietin activates RAS,2,0,0.012048192771084338,0.0,inf,0.6549497847919655,inf
IKK complex recruitment mediated by RIP1,2,0,0.012048192771084338,0.0,inf,0.6549497847919655,inf
Transcriptional activation of mitochondrial biogenesis,2,0,0.012048192771084338,0.0,inf,0.6549497847919655,inf
GLI proteins bind promoters of Hh responsive genes to promote transcription,2,0,0.012048192771084338,0.0,inf,0.6549497847919655,inf
FOXO-mediated transcription of cell death genes,2,0,0.012048192771084338,0.0,inf,0.6549497847919655,inf
Nef Mediated CD4 Down-regulation,2,0,0.012048192771084338,0.0,inf,0.6549497847919655,inf
B-WICH complex positively regulates rRNA expression,2,0,0.012048192771084338,0.0,inf,0.6549497847919655,inf
O-linked glycosylation,2,0,0.012048192771084338,0.0,inf,0.6549497847919655,inf
FRS-mediated FGFR2 signaling,2,0,0.012048192771084338,0.0,inf,0.6549497847919655,inf
TRAF6 mediated NF-kB activation,2,0,0.012048192771084338,0.0,inf,0.6549497847919655,inf
PI-3K cascade:FGFR4,2,0,0.012048192771084338,0.0,inf,0.6549497847919655,inf
NOTCH1 Intracellular Domain Regulates Transcription,2,0,0.012048192771084338,0.0,inf,0.6549497847919655,inf
Defective GALNT12 causes CRCS1,2,0,0.012048192771084338,0.0,inf,0.6549497847919655,inf
Defective HDR through Homologous Recombination (HRR) due to BRCA1 loss-of-function,2,0,0.012048192771084338,0.0,inf,0.6549497847919655,inf
Activation of anterior HOX genes in hindbrain development during early embryogenesis,2,0,0.012048192771084338,0.0,inf,0.6549497847919655,inf
Activated PKN1 stimulates transcription of AR (androgen receptor) regulated genes KLK2 and KLK3,2,0,0.012048192771084338,0.0,inf,0.6549497847919655,inf
Diseases of DNA repair,2,0,0.012048192771084338,0.0,inf,0.6549497847919655,inf
SMAC(DIABLO)-mediated dissociation of IAP:caspase complexes ,2,0,0.012048192771084338,0.0,inf,0.6549497847919655,inf
Defective C1GALT1C1 causes TNPS,2,0,0.012048192771084338,0.0,inf,0.6549497847919655,inf
Signaling by NOTCH1 in Cancer,2,0,0.012048192771084338,0.0,inf,0.6549497847919655,inf
Fibronectin matrix formation,2,0,0.012048192771084338,0.0,inf,0.6549497847919655,inf
NRAGE signals death through JNK,2,0,0.012048192771084338,0.0,inf,0.6549497847919655,inf
Caspase-mediated cleavage of cytoskeletal proteins,2,0,0.012048192771084338,0.0,inf,0.6549497847919655,inf
Host Interactions of HIV factors,2,0,0.012048192771084338,0.0,inf,0.6549497847919655,inf
Gap junction trafficking and regulation,2,0,0.012048192771084338,0.0,inf,0.6549497847919655,inf
AUF1 (hnRNP D0) binds and destabilizes mRNA,2,0,0.012048192771084338,0.0,inf,0.6549497847919655,inf
RHO GTPases Activate NADPH Oxidases,2,0,0.012048192771084338,0.0,inf,0.6549497847919655,inf
"Base-Excision Repair, AP Site Formation",2,0,0.012048192771084338,0.0,inf,0.6549497847919655,inf
Signaling by BMP,2,0,0.012048192771084338,0.0,inf,0.6549497847919655,inf
"Nucleotide-binding domain, leucine rich repeat containing receptor (NLR) signaling pathways",2,0,0.012048192771084338,0.0,inf,0.6549497847919655,inf
Regulation of beta-cell development,2,0,0.012048192771084338,0.0,inf,0.6549497847919655,inf
RHOH GTPase cycle,2,0,0.012048192771084338,0.0,inf,0.6549497847919655,inf
Collagen degradation,2,0,0.012048192771084338,0.0,inf,0.6549497847919655,inf
CREB1 phosphorylation through NMDA receptor-mediated activation of RAS signaling,2,0,0.012048192771084338,0.0,inf,0.6549497847919655,inf
Meiotic synapsis,2,0,0.012048192771084338,0.0,inf,0.6549497847919655,inf
Regulation of TNFR1 signaling,2,0,0.012048192771084338,0.0,inf,0.6549497847919655,inf
Downstream signaling of activated FGFR4,2,0,0.012048192771084338,0.0,inf,0.6549497847919655,inf
Regulation of signaling by CBL,2,0,0.012048192771084338,0.0,inf,0.6549497847919655,inf
RHOA GTPase cycle,2,0,0.012048192771084338,0.0,inf,0.6549497847919655,inf
SMAC (DIABLO) binds to IAPs ,2,0,0.012048192771084338,0.0,inf,0.6549497847919655,inf
HSF1-dependent transactivation,2,0,0.012048192771084338,0.0,inf,0.6549497847919655,inf
DDX58/IFIH1-mediated induction of interferon-alpha/beta,2,0,0.012048192771084338,0.0,inf,0.6549497847919655,inf
Cellular response to starvation,2,0,0.012048192771084338,0.0,inf,0.6549497847919655,inf
Constitutive Signaling by NOTCH1 HD+PEST Domain Mutants,2,0,0.012048192771084338,0.0,inf,0.6549497847919655,inf
Signal attenuation,2,0,0.012048192771084338,0.0,inf,0.6549497847919655,inf
Mitotic Anaphase,2,0,0.012048192771084338,0.0,inf,0.6549497847919655,inf
RUNX3 regulates NOTCH signaling,2,0,0.012048192771084338,0.0,inf,0.6549497847919655,inf
ALK mutants bind TKIs,2,0,0.012048192771084338,0.0,inf,0.6549497847919655,inf
Cleavage of the damaged purine,2,0,0.012048192771084338,0.0,inf,0.6549497847919655,inf
PTK6 Expression,2,0,0.012048192771084338,0.0,inf,0.6549497847919655,inf
Sema4D in semaphorin signaling,2,0,0.012048192771084338,0.0,inf,0.6549497847919655,inf
The role of GTSE1 in G2/M progression after G2 checkpoint,2,0,0.012048192771084338,0.0,inf,0.6549497847919655,inf
Microtubule-dependent trafficking of connexons from Golgi to the plasma membrane,2,0,0.012048192771084338,0.0,inf,0.6549497847919655,inf
Formation of the beta-catenin:TCF transactivating complex,2,0,0.012048192771084338,0.0,inf,0.6549497847919655,inf
NOTCH2 intracellular domain regulates transcription,2,0,0.012048192771084338,0.0,inf,0.6549497847919655,inf
Cristae formation,2,0,0.012048192771084338,0.0,inf,0.6549497847919655,inf
Constitutive Signaling by NOTCH1 PEST Domain Mutants,2,0,0.012048192771084338,0.0,inf,0.6549497847919655,inf
Signaling by NOTCH1 HD+PEST Domain Mutants in Cancer,2,0,0.012048192771084338,0.0,inf,0.6549497847919655,inf
SUMOylation of transcription factors,2,0,0.012048192771084338,0.0,inf,0.6549497847919655,inf
Peptide ligand-binding receptors,2,0,0.012048192771084338,0.0,inf,0.6549497847919655,inf
RHO GTPases activate CIT,2,0,0.012048192771084338,0.0,inf,0.6549497847919655,inf
Apoptotic factor-mediated response,2,0,0.012048192771084338,0.0,inf,0.6549497847919655,inf
Other interleukin signaling,2,0,0.012048192771084338,0.0,inf,0.6549497847919655,inf
Mitotic Metaphase and Anaphase,2,0,0.012048192771084338,0.0,inf,0.6549497847919655,inf
Gap junction assembly,2,0,0.012048192771084338,0.0,inf,0.6549497847919655,inf
XBP1(S) activates chaperone genes,2,0,0.012048192771084338,0.0,inf,0.6549497847919655,inf
ERKs are inactivated,2,0,0.012048192771084338,0.0,inf,0.6549497847919655,inf
Resolution of Sister Chromatid Cohesion,2,0,0.012048192771084338,0.0,inf,0.6549497847919655,inf
Formation of TC-NER Pre-Incision Complex,2,0,0.012048192771084338,0.0,inf,0.6549497847919655,inf
Signaling downstream of RAS mutants,2,0,0.012048192771084338,0.0,inf,0.6549497847919655,inf
Anchoring of the basal body to the plasma membrane,2,0,0.012048192771084338,0.0,inf,0.6549497847919655,inf
Transcriptional Regulation by MECP2,2,0,0.012048192771084338,0.0,inf,0.6549497847919655,inf
Defective GALNT3 causes HFTC,2,0,0.012048192771084338,0.0,inf,0.6549497847919655,inf
Sensory Perception,2,0,0.012048192771084338,0.0,inf,0.6549497847919655,inf
Signaling by NOTCH1 PEST Domain Mutants in Cancer,2,0,0.012048192771084338,0.0,inf,0.6549497847919655,inf
Signaling by NOTCH1,2,0,0.012048192771084338,0.0,inf,0.6549497847919655,inf
G-protein mediated events,2,0,0.012048192771084338,0.0,inf,0.6549497847919655,inf
Signaling by NODAL,2,0,0.012048192771084338,0.0,inf,0.6549497847919655,inf
RHOG GTPase cycle,2,0,0.012048192771084338,0.0,inf,0.6549497847919655,inf
Transcription-Coupled Nucleotide Excision Repair (TC-NER),2,0,0.012048192771084338,0.0,inf,0.6549497847919655,inf
Metabolism of amino acids and derivatives,2,0,0.012048192771084338,0.0,inf,0.6549497847919655,inf
GRB2:SOS provides linkage to MAPK signaling for Integrins ,2,0,0.012048192771084338,0.0,inf,0.6549497847919655,inf
Interleukin-10 signaling,2,0,0.012048192771084338,0.0,inf,0.6549497847919655,inf
Separation of Sister Chromatids,2,0,0.012048192771084338,0.0,inf,0.6549497847919655,inf
Loss of Nlp from mitotic centrosomes,2,0,0.012048192771084338,0.0,inf,0.6549497847919655,inf
NF-kB activation through FADD/RIP-1 pathway mediated by caspase-8 and -10,2,0,0.012048192771084338,0.0,inf,0.6549497847919655,inf
Diseases of DNA Double-Strand Break Repair,2,0,0.012048192771084338,0.0,inf,0.6549497847919655,inf
Interferon gamma signaling,2,0,0.012048192771084338,0.0,inf,0.6549497847919655,inf
RUNX2 regulates osteoblast differentiation,2,0,0.012048192771084338,0.0,inf,0.6549497847919655,inf
Transcriptional regulation by small RNAs,2,0,0.012048192771084338,0.0,inf,0.6549497847919655,inf
TNF receptor superfamily (TNFSF) members mediating non-canonical NF-kB pathway,2,0,0.012048192771084338,0.0,inf,0.6549497847919655,inf
Cell-extracellular matrix interactions,2,0,0.012048192771084338,0.0,inf,0.6549497847919655,inf
NOD1/2 Signaling Pathway,2,0,0.012048192771084338,0.0,inf,0.6549497847919655,inf
FCGR activation,2,0,0.012048192771084338,0.0,inf,0.6549497847919655,inf
TRIF-mediated programmed cell death,2,0,0.012048192771084338,0.0,inf,0.6549497847919655,inf
"TICAM1, RIP1-mediated IKK complex recruitment",2,0,0.012048192771084338,0.0,inf,0.6549497847919655,inf
Gene Silencing by RNA,2,0,0.012048192771084338,0.0,inf,0.6549497847919655,inf
Erythropoietin activates STAT5,2,0,0.012048192771084338,0.0,inf,0.6549497847919655,inf
Defective HDR through Homologous Recombination (HRR) due to PALB2 loss of function,2,0,0.012048192771084338,0.0,inf,0.6549497847919655,inf
Negative regulation of FGFR1 signaling,2,0,0.012048192771084338,0.0,inf,0.6549497847919655,inf
RND2 GTPase cycle,2,0,0.012048192771084338,0.0,inf,0.6549497847919655,inf
Formation of ATP by chemiosmotic coupling,2,0,0.012048192771084338,0.0,inf,0.6549497847919655,inf
Nef-mediates down modulation of cell surface receptors by recruiting them to clathrin adapters,2,0,0.012048192771084338,0.0,inf,0.6549497847919655,inf
IRE1alpha activates chaperones,2,0,0.012048192771084338,0.0,inf,0.6549497847919655,inf
"SMAC, XIAP-regulated apoptotic response",2,0,0.012048192771084338,0.0,inf,0.6549497847919655,inf
NADE modulates death signalling,2,0,0.012048192771084338,0.0,inf,0.6549497847919655,inf
FOXO-mediated transcription of cell cycle genes,2,0,0.012048192771084338,0.0,inf,0.6549497847919655,inf
Regulation of HSF1-mediated heat shock response,2,0,0.012048192771084338,0.0,inf,0.6549497847919655,inf
Class A/1 (Rhodopsin-like receptors),2,0,0.012048192771084338,0.0,inf,0.6549497847919655,inf
RNA Polymerase I Promoter Opening,2,0,0.012048192771084338,0.0,inf,0.6549497847919655,inf
The role of Nef in HIV-1 replication and disease pathogenesis,2,0,0.012048192771084338,0.0,inf,0.6549497847919655,inf
Signaling by Erythropoietin,2,0,0.012048192771084338,0.0,inf,0.6549497847919655,inf
"Activation, myristolyation of BID and translocation to mitochondria",2,0,0.012048192771084338,0.0,inf,0.6549497847919655,inf
Phosphorylation of Emi1,2,0,0.012048192771084338,0.0,inf,0.6549497847919655,inf
Termination of O-glycan biosynthesis,2,0,0.012048192771084338,0.0,inf,0.6549497847919655,inf
CHL1 interactions,2,0,0.012048192771084338,0.0,inf,0.6549497847919655,inf
Downstream signaling of activated FGFR1,2,0,0.012048192771084338,0.0,inf,0.6549497847919655,inf
Activation of AMPK downstream of NMDARs,2,0,0.012048192771084338,0.0,inf,0.6549497847919655,inf
Activation of APC/C and APC/C:Cdc20 mediated degradation of mitotic proteins,2,0,0.012048192771084338,0.0,inf,0.6549497847919655,inf
Cleavage of the damaged pyrimidine ,2,0,0.012048192771084338,0.0,inf,0.6549497847919655,inf
DNA Damage Bypass,2,0,0.012048192771084338,0.0,inf,0.6549497847919655,inf
TLR3-mediated TICAM1-dependent programmed cell death,2,0,0.012048192771084338,0.0,inf,0.6549497847919655,inf
Processing of DNA double-strand break ends,2,0,0.012048192771084338,0.0,inf,0.6549497847919655,inf
Toll Like Receptor 4 (TLR4) Cascade,5,1,0.030120481927710843,0.02564102564102564,1.1746987951807228,0.6796387085176554,1.1801242236024845
The citric acid (TCA) cycle and respiratory electron transport,5,1,0.030120481927710843,0.02564102564102564,1.1746987951807228,0.6796387085176554,1.1801242236024845
Cargo recognition for clathrin-mediated endocytosis,5,1,0.030120481927710843,0.02564102564102564,1.1746987951807228,0.6796387085176554,1.1801242236024845
Leishmania infection,5,1,0.030120481927710843,0.02564102564102564,1.1746987951807228,0.6796387085176554,1.1801242236024845
MET activates PTK2 signaling,5,1,0.030120481927710843,0.02564102564102564,1.1746987951807228,0.6796387085176554,1.1801242236024845
FOXO-mediated transcription,5,1,0.030120481927710843,0.02564102564102564,1.1746987951807228,0.6796387085176554,1.1801242236024845
Chromatin modifying enzymes,5,1,0.030120481927710843,0.02564102564102564,1.1746987951807228,0.6796387085176554,1.1801242236024845
Transcriptional regulation by RUNX3,5,1,0.030120481927710843,0.02564102564102564,1.1746987951807228,0.6796387085176554,1.1801242236024845
Integrin cell surface interactions,5,1,0.030120481927710843,0.02564102564102564,1.1746987951807228,0.6796387085176554,1.1801242236024845
Generation of second messenger molecules,5,1,0.030120481927710843,0.02564102564102564,1.1746987951807228,0.6796387085176554,1.1801242236024845
"Cell death signalling via NRAGE, NRIF and NADE",5,1,0.030120481927710843,0.02564102564102564,1.1746987951807228,0.6796387085176554,1.1801242236024845
Membrane Trafficking,12,3,0.07228915662650602,0.07692307692307693,0.9397590361445782,0.6877673758065785,0.935064935064935
Disease,47,12,0.28313253012048195,0.3076923076923077,0.9201807228915663,0.696296959465307,0.8886554621848739
Cell surface interactions at the vascular wall,8,2,0.04819277108433735,0.05128205128205128,0.9397590361445783,0.7092576099213097,0.9367088607594937
DNA Repair,8,2,0.04819277108433735,0.05128205128205128,0.9397590361445783,0.7092576099213097,0.9367088607594937
Role of LAT2/NTAL/LAB on calcium mobilization,8,2,0.04819277108433735,0.05128205128205128,0.9397590361445783,0.7092576099213097,0.9367088607594937
Costimulation by the CD28 family,8,2,0.04819277108433735,0.05128205128205128,0.9397590361445783,0.7092576099213097,0.9367088607594937
Programmed Cell Death,15,4,0.09036144578313253,0.10256410256410256,0.8810240963855422,0.7187248781902162,0.8692052980132451
"Signaling by Rho GTPases, Miro GTPases and RHOBTB3",15,4,0.09036144578313253,0.10256410256410256,0.8810240963855422,0.7187248781902162,0.8692052980132451
RAF/MAP kinase cascade,11,3,0.06626506024096386,0.07692307692307693,0.8614457831325302,0.7358723884062028,0.8516129032258064
Apoptosis,11,3,0.06626506024096386,0.07692307692307693,0.8614457831325302,0.7358723884062028,0.8516129032258064
Vesicle-mediated transport,11,3,0.06626506024096386,0.07692307692307693,0.8614457831325302,0.7358723884062028,0.8516129032258064
Cellular response to heat stress,4,1,0.024096385542168676,0.02564102564102564,0.9397590361445783,0.7583404248813971,0.9382716049382716
Oxidative Stress Induced Senescence,4,1,0.024096385542168676,0.02564102564102564,0.9397590361445783,0.7583404248813971,0.9382716049382716
L1CAM interactions,4,1,0.024096385542168676,0.02564102564102564,0.9397590361445783,0.7583404248813971,0.9382716049382716
"Respiratory electron transport, ATP synthesis by chemiosmotic coupling, and heat production by uncoupling proteins.",4,1,0.024096385542168676,0.02564102564102564,0.9397590361445783,0.7583404248813971,0.9382716049382716
Signaling by TGFB family members,4,1,0.024096385542168676,0.02564102564102564,0.9397590361445783,0.7583404248813971,0.9382716049382716
mTORC1-mediated signalling,4,1,0.024096385542168676,0.02564102564102564,0.9397590361445783,0.7583404248813971,0.9382716049382716
Semaphorin interactions,4,1,0.024096385542168676,0.02564102564102564,0.9397590361445783,0.7583404248813971,0.9382716049382716
Signaling by ERBB4,4,1,0.024096385542168676,0.02564102564102564,0.9397590361445783,0.7583404248813971,0.9382716049382716
Signaling by Leptin,4,1,0.024096385542168676,0.02564102564102564,0.9397590361445783,0.7583404248813971,0.9382716049382716
Integrin signaling,4,1,0.024096385542168676,0.02564102564102564,0.9397590361445783,0.7583404248813971,0.9382716049382716
Signaling by FGFR in disease,4,1,0.024096385542168676,0.02564102564102564,0.9397590361445783,0.7583404248813971,0.9382716049382716
Toll Like Receptor TLR6:TLR2 Cascade,4,1,0.024096385542168676,0.02564102564102564,0.9397590361445783,0.7583404248813971,0.9382716049382716
RHO GTPase Effectors,14,4,0.08433734939759036,0.10256410256410256,0.822289156626506,0.7596704941562801,0.805921052631579
GPCR downstream signalling,7,2,0.04216867469879518,0.05128205128205128,0.822289156626506,0.7667669962429271,0.8144654088050315
Extra-nuclear estrogen signaling,7,2,0.04216867469879518,0.05128205128205128,0.822289156626506,0.7667669962429271,0.8144654088050315
TP53 Regulates Metabolic Genes,7,2,0.04216867469879518,0.05128205128205128,0.822289156626506,0.7667669962429271,0.8144654088050315
Immune System,48,13,0.2891566265060241,0.3333333333333333,0.8674698795180723,0.7717753027542422,0.8135593220338984
Signaling by Rho GTPases,17,5,0.10240963855421686,0.1282051282051282,0.7987951807228916,0.7811582551607453,0.7758389261744967
Signaling by PDGF,10,3,0.060240963855421686,0.07692307692307693,0.7831325301204819,0.7821492343182036,0.7692307692307693
Nervous system development,10,3,0.060240963855421686,0.07692307692307693,0.7831325301204819,0.7821492343182036,0.7692307692307693
Innate Immune System,28,8,0.1686746987951807,0.20512820512820512,0.822289156626506,0.7837435735270718,0.7862318840579711
Developmental Biology,27,8,0.16265060240963855,0.20512820512820512,0.7929216867469879,0.8103575604373716,0.7526978417266187
Post-translational protein modification,23,7,0.13855421686746988,0.1794871794871795,0.7719449225473322,0.8187087793110592,0.7352647352647352
Cellular Senescence,6,2,0.03614457831325301,0.05128205128205128,0.7048192771084337,0.8215606615438015,0.69375
Signaling by ALK in cancer,6,2,0.03614457831325301,0.05128205128205128,0.7048192771084337,0.8215606615438015,0.69375
PKB-mediated events,6,2,0.03614457831325301,0.05128205128205128,0.7048192771084337,0.8215606615438015,0.69375
G2/M DNA damage checkpoint,6,2,0.03614457831325301,0.05128205128205128,0.7048192771084337,0.8215606615438015,0.69375
Cell Cycle Checkpoints,6,2,0.03614457831325301,0.05128205128205128,0.7048192771084337,0.8215606615438015,0.69375
VEGFR2 mediated cell proliferation,6,2,0.03614457831325301,0.05128205128205128,0.7048192771084337,0.8215606615438015,0.69375
Signaling by EGFR,6,2,0.03614457831325301,0.05128205128205128,0.7048192771084337,0.8215606615438015,0.69375
PI3K/AKT activation,6,2,0.03614457831325301,0.05128205128205128,0.7048192771084337,0.8215606615438015,0.69375
Signaling by the B Cell Receptor (BCR),9,3,0.05421686746987952,0.07692307692307693,0.7048192771084337,0.8256825729517371,0.6878980891719745
DAP12 signaling,9,3,0.05421686746987952,0.07692307692307693,0.7048192771084337,0.8256825729517371,0.6878980891719745
IRS-related events triggered by IGF1R,12,4,0.07228915662650602,0.10256410256410256,0.7048192771084337,0.8349307367199021,0.6818181818181818
MAPK family signaling cascades,12,4,0.07228915662650602,0.10256410256410256,0.7048192771084337,0.8349307367199021,0.6818181818181818
DNA Damage/Telomere Stress Induced Senescence,3,1,0.018072289156626505,0.02564102564102564,0.7048192771084337,0.8355936433979532,0.6993865030674846
Meiotic recombination,3,1,0.018072289156626505,0.02564102564102564,0.7048192771084337,0.8355936433979532,0.6993865030674846
Interleukin-12 family signaling,3,1,0.018072289156626505,0.02564102564102564,0.7048192771084337,0.8355936433979532,0.6993865030674846
Regulation of actin dynamics for phagocytic cup formation,3,1,0.018072289156626505,0.02564102564102564,0.7048192771084337,0.8355936433979532,0.6993865030674846
Signaling by CSF3 (G-CSF),3,1,0.018072289156626505,0.02564102564102564,0.7048192771084337,0.8355936433979532,0.6993865030674846
MAP kinase activation,3,1,0.018072289156626505,0.02564102564102564,0.7048192771084337,0.8355936433979532,0.6993865030674846
Regulation of mRNA stability by proteins that bind AU-rich elements,3,1,0.018072289156626505,0.02564102564102564,0.7048192771084337,0.8355936433979532,0.6993865030674846
Signaling by TGF-beta Receptor Complex,3,1,0.018072289156626505,0.02564102564102564,0.7048192771084337,0.8355936433979532,0.6993865030674846
Leishmania parasite growth and survival,3,1,0.018072289156626505,0.02564102564102564,0.7048192771084337,0.8355936433979532,0.6993865030674846
Cell junction organization,3,1,0.018072289156626505,0.02564102564102564,0.7048192771084337,0.8355936433979532,0.6993865030674846
CD28 dependent PI3K/Akt signaling,3,1,0.018072289156626505,0.02564102564102564,0.7048192771084337,0.8355936433979532,0.6993865030674846
Degradation of the extracellular matrix,3,1,0.018072289156626505,0.02564102564102564,0.7048192771084337,0.8355936433979532,0.6993865030674846
HCMV Early Events,3,1,0.018072289156626505,0.02564102564102564,0.7048192771084337,0.8355936433979532,0.6993865030674846
FCERI mediated Ca+2 mobilization,3,1,0.018072289156626505,0.02564102564102564,0.7048192771084337,0.8355936433979532,0.6993865030674846
Regulation of PLK1 Activity at G2/M Transition,3,1,0.018072289156626505,0.02564102564102564,0.7048192771084337,0.8355936433979532,0.6993865030674846
Protein localization,3,1,0.018072289156626505,0.02564102564102564,0.7048192771084337,0.8355936433979532,0.6993865030674846
Transcriptional regulation by RUNX1,3,1,0.018072289156626505,0.02564102564102564,0.7048192771084337,0.8355936433979532,0.6993865030674846
CD28 dependent Vav1 pathway,3,1,0.018072289156626505,0.02564102564102564,0.7048192771084337,0.8355936433979532,0.6993865030674846
FGFR1 mutant receptor activation,3,1,0.018072289156626505,0.02564102564102564,0.7048192771084337,0.8355936433979532,0.6993865030674846
FLT3 Signaling,3,1,0.018072289156626505,0.02564102564102564,0.7048192771084337,0.8355936433979532,0.6993865030674846
Metabolism of proteins,33,10,0.19879518072289157,0.2564102564102564,0.7753012048192772,0.8447762268164767,0.7195488721804512
Cytokine Signaling in Immune system,32,10,0.1927710843373494,0.2564102564102564,0.7518072289156628,0.8648946751209471,0.6925373134328359
Negative regulation of the PI3K/AKT network,8,3,0.04819277108433735,0.07692307692307693,0.6265060240963856,0.8655651727441673,0.6075949367088608
PI3K Cascade,8,3,0.04819277108433735,0.07692307692307693,0.6265060240963856,0.8655651727441673,0.6075949367088608
Downstream signal transduction,11,4,0.06626506024096386,0.10256410256410256,0.6460843373493976,0.8681611730551687,0.6209677419354839
RNA Polymerase II Transcription,28,9,0.1686746987951807,0.23076923076923078,0.7309236947791163,0.8713020156698331,0.6763285024154589
G2/M Checkpoints,5,2,0.030120481927710843,0.05128205128205128,0.5873493975903614,0.8718449102904113,0.5745341614906833
GAB1 signalosome,5,2,0.030120481927710843,0.05128205128205128,0.5873493975903614,0.8718449102904113,0.5745341614906833
EPH-Ephrin signaling,5,2,0.030120481927710843,0.05128205128205128,0.5873493975903614,0.8718449102904113,0.5745341614906833
Selective autophagy,5,2,0.030120481927710843,0.05128205128205128,0.5873493975903614,0.8718449102904113,0.5745341614906833
RHO GTPase cycle,5,2,0.030120481927710843,0.05128205128205128,0.5873493975903614,0.8718449102904113,0.5745341614906833
MyD88-independent TLR4 cascade ,5,2,0.030120481927710843,0.05128205128205128,0.5873493975903614,0.8718449102904113,0.5745341614906833
TRIF(TICAM1)-mediated TLR4 signaling ,5,2,0.030120481927710843,0.05128205128205128,0.5873493975903614,0.8718449102904113,0.5745341614906833
Signaling by Type 1 Insulin-like Growth Factor 1 Receptor (IGF1R),10,4,0.060240963855421686,0.10256410256410256,0.5873493975903614,0.897841349098206,0.5608974358974359
"PI5P, PP2A and IER3 Regulate PI3K/AKT Signaling",10,4,0.060240963855421686,0.10256410256410256,0.5873493975903614,0.897841349098206,0.5608974358974359
Axon guidance,16,6,0.0963855421686747,0.15384615384615385,0.6265060240963856,0.9042127384694931,0.5866666666666667
PIP3 activates AKT signaling,16,6,0.0963855421686747,0.15384615384615385,0.6265060240963856,0.9042127384694931,0.5866666666666667
SARS-CoV-2 Infection,2,1,0.012048192771084338,0.02564102564102564,0.46987951807228917,0.9066053671258243,0.4634146341463415
DNA Replication Pre-Initiation,2,1,0.012048192771084338,0.02564102564102564,0.46987951807228917,0.9066053671258243,0.4634146341463415
PLC-gamma1 signalling,2,1,0.012048192771084338,0.02564102564102564,0.46987951807228917,0.9066053671258243,0.4634146341463415
Paradoxical activation of RAF signaling by kinase inactive BRAF,2,1,0.012048192771084338,0.02564102564102564,0.46987951807228917,0.9066053671258243,0.4634146341463415
p130Cas linkage to MAPK signaling for integrins,2,1,0.012048192771084338,0.02564102564102564,0.46987951807228917,0.9066053671258243,0.4634146341463415
Chromosome Maintenance,2,1,0.012048192771084338,0.02564102564102564,0.46987951807228917,0.9066053671258243,0.4634146341463415
Translocation of SLC2A4 (GLUT4) to the plasma membrane,2,1,0.012048192771084338,0.02564102564102564,0.46987951807228917,0.9066053671258243,0.4634146341463415
Signaling by cytosolic FGFR1 fusion mutants,2,1,0.012048192771084338,0.02564102564102564,0.46987951807228917,0.9066053671258243,0.4634146341463415
HATs acetylate histones,2,1,0.012048192771084338,0.02564102564102564,0.46987951807228917,0.9066053671258243,0.4634146341463415
AURKA Activation by TPX2,2,1,0.012048192771084338,0.02564102564102564,0.46987951807228917,0.9066053671258243,0.4634146341463415
APC/C-mediated degradation of cell cycle proteins,2,1,0.012048192771084338,0.02564102564102564,0.46987951807228917,0.9066053671258243,0.4634146341463415
PRC2 methylates histones and DNA,2,1,0.012048192771084338,0.02564102564102564,0.46987951807228917,0.9066053671258243,0.4634146341463415
Mitochondrial protein import,2,1,0.012048192771084338,0.02564102564102564,0.46987951807228917,0.9066053671258243,0.4634146341463415
Epigenetic regulation of gene expression,2,1,0.012048192771084338,0.02564102564102564,0.46987951807228917,0.9066053671258243,0.4634146341463415
Toll Like Receptor 10 (TLR10) Cascade,2,1,0.012048192771084338,0.02564102564102564,0.46987951807228917,0.9066053671258243,0.4634146341463415
Activation of BAD and translocation to mitochondria ,2,1,0.012048192771084338,0.02564102564102564,0.46987951807228917,0.9066053671258243,0.4634146341463415
Smooth Muscle Contraction,2,1,0.012048192771084338,0.02564102564102564,0.46987951807228917,0.9066053671258243,0.4634146341463415
Respiratory electron transport,2,1,0.012048192771084338,0.02564102564102564,0.46987951807228917,0.9066053671258243,0.4634146341463415
PTEN Regulation,2,1,0.012048192771084338,0.02564102564102564,0.46987951807228917,0.9066053671258243,0.4634146341463415
EPHB-mediated forward signaling,2,1,0.012048192771084338,0.02564102564102564,0.46987951807228917,0.9066053671258243,0.4634146341463415
RAC2 GTPase cycle,2,1,0.012048192771084338,0.02564102564102564,0.46987951807228917,0.9066053671258243,0.4634146341463415
Negative regulation of FGFR2 signaling,2,1,0.012048192771084338,0.02564102564102564,0.46987951807228917,0.9066053671258243,0.4634146341463415
SHC1 events in EGFR signaling,2,1,0.012048192771084338,0.02564102564102564,0.46987951807228917,0.9066053671258243,0.4634146341463415
RHOQ GTPase cycle,2,1,0.012048192771084338,0.02564102564102564,0.46987951807228917,0.9066053671258243,0.4634146341463415
Defective pyroptosis,2,1,0.012048192771084338,0.02564102564102564,0.46987951807228917,0.9066053671258243,0.4634146341463415
Toll Like Receptor TLR1:TLR2 Cascade,2,1,0.012048192771084338,0.02564102564102564,0.46987951807228917,0.9066053671258243,0.4634146341463415
MHC class II antigen presentation,2,1,0.012048192771084338,0.02564102564102564,0.46987951807228917,0.9066053671258243,0.4634146341463415
CTLA4 inhibitory signaling,2,1,0.012048192771084338,0.02564102564102564,0.46987951807228917,0.9066053671258243,0.4634146341463415
Immunoregulatory interactions between a Lymphoid and a non-Lymphoid cell,2,1,0.012048192771084338,0.02564102564102564,0.46987951807228917,0.9066053671258243,0.4634146341463415
CLEC7A (Dectin-1) signaling,2,1,0.012048192771084338,0.02564102564102564,0.46987951807228917,0.9066053671258243,0.4634146341463415
RHOJ GTPase cycle,2,1,0.012048192771084338,0.02564102564102564,0.46987951807228917,0.9066053671258243,0.4634146341463415
Downstream signaling of activated FGFR3,2,1,0.012048192771084338,0.02564102564102564,0.46987951807228917,0.9066053671258243,0.4634146341463415
FCGR3A-mediated IL10 synthesis,2,1,0.012048192771084338,0.02564102564102564,0.46987951807228917,0.9066053671258243,0.4634146341463415
PINK1-PRKN Mediated Mitophagy,2,1,0.012048192771084338,0.02564102564102564,0.46987951807228917,0.9066053671258243,0.4634146341463415
DNA Double Strand Break Response,2,1,0.012048192771084338,0.02564102564102564,0.46987951807228917,0.9066053671258243,0.4634146341463415
Signaling by FGFR3,2,1,0.012048192771084338,0.02564102564102564,0.46987951807228917,0.9066053671258243,0.4634146341463415
Polo-like kinase mediated events,2,1,0.012048192771084338,0.02564102564102564,0.46987951807228917,0.9066053671258243,0.4634146341463415
E2F mediated regulation of DNA replication,2,1,0.012048192771084338,0.02564102564102564,0.46987951807228917,0.9066053671258243,0.4634146341463415
DNA Damage Recognition in GG-NER,2,1,0.012048192771084338,0.02564102564102564,0.46987951807228917,0.9066053671258243,0.4634146341463415
RND1 GTPase cycle,2,1,0.012048192771084338,0.02564102564102564,0.46987951807228917,0.9066053671258243,0.4634146341463415
Negative epigenetic regulation of rRNA expression,2,1,0.012048192771084338,0.02564102564102564,0.46987951807228917,0.9066053671258243,0.4634146341463415
Pre-NOTCH Expression and Processing,2,1,0.012048192771084338,0.02564102564102564,0.46987951807228917,0.9066053671258243,0.4634146341463415
RAC3 GTPase cycle,2,1,0.012048192771084338,0.02564102564102564,0.46987951807228917,0.9066053671258243,0.4634146341463415
EPH-ephrin mediated repulsion of cells,2,1,0.012048192771084338,0.02564102564102564,0.46987951807228917,0.9066053671258243,0.4634146341463415
Cellular response to chemical stress,2,1,0.012048192771084338,0.02564102564102564,0.46987951807228917,0.9066053671258243,0.4634146341463415
HCMV Infection,2,1,0.012048192771084338,0.02564102564102564,0.46987951807228917,0.9066053671258243,0.4634146341463415
RMTs methylate histone arginines,2,1,0.012048192771084338,0.02564102564102564,0.46987951807228917,0.9066053671258243,0.4634146341463415
Apoptotic cleavage of cellular proteins,2,1,0.012048192771084338,0.02564102564102564,0.46987951807228917,0.9066053671258243,0.4634146341463415
SARS-CoV-1 Infection,2,1,0.012048192771084338,0.02564102564102564,0.46987951807228917,0.9066053671258243,0.4634146341463415
Mitophagy,2,1,0.012048192771084338,0.02564102564102564,0.46987951807228917,0.9066053671258243,0.4634146341463415
Neurodegenerative Diseases,2,1,0.012048192771084338,0.02564102564102564,0.46987951807228917,0.9066053671258243,0.4634146341463415
Recruitment and ATM-mediated phosphorylation of repair and signaling proteins at DNA double strand breaks,2,1,0.012048192771084338,0.02564102564102564,0.46987951807228917,0.9066053671258243,0.4634146341463415
Recycling pathway of L1,2,1,0.012048192771084338,0.02564102564102564,0.46987951807228917,0.9066053671258243,0.4634146341463415
Global Genome Nucleotide Excision Repair (GG-NER),2,1,0.012048192771084338,0.02564102564102564,0.46987951807228917,0.9066053671258243,0.4634146341463415
Fanconi Anemia Pathway,2,1,0.012048192771084338,0.02564102564102564,0.46987951807228917,0.9066053671258243,0.4634146341463415
TP53 Regulates Transcription of Cell Death Genes,2,1,0.012048192771084338,0.02564102564102564,0.46987951807228917,0.9066053671258243,0.4634146341463415
Transcriptional activity of SMAD2/SMAD3:SMAD4 heterotrimer,2,1,0.012048192771084338,0.02564102564102564,0.46987951807228917,0.9066053671258243,0.4634146341463415
HDR through Homologous Recombination (HRR) or Single Strand Annealing (SSA),4,2,0.024096385542168676,0.05128205128205128,0.46987951807228917,0.9157438576088803,0.4567901234567901
Mitotic G2-G2/M phases,4,2,0.024096385542168676,0.05128205128205128,0.46987951807228917,0.9157438576088803,0.4567901234567901
Cell-Cell communication,4,2,0.024096385542168676,0.05128205128205128,0.46987951807228917,0.9157438576088803,0.4567901234567901
Toll Like Receptor 3 (TLR3) Cascade,4,2,0.024096385542168676,0.05128205128205128,0.46987951807228917,0.9157438576088803,0.4567901234567901
Activation of BH3-only proteins,4,2,0.024096385542168676,0.05128205128205128,0.46987951807228917,0.9157438576088803,0.4567901234567901
G2/M Transition,4,2,0.024096385542168676,0.05128205128205128,0.46987951807228917,0.9157438576088803,0.4567901234567901
Toll Like Receptor 9 (TLR9) Cascade,4,2,0.024096385542168676,0.05128205128205128,0.46987951807228917,0.9157438576088803,0.4567901234567901
DAP12 interactions,4,2,0.024096385542168676,0.05128205128205128,0.46987951807228917,0.9157438576088803,0.4567901234567901
SARS-CoV Infections,4,2,0.024096385542168676,0.05128205128205128,0.46987951807228917,0.9157438576088803,0.4567901234567901
RHO GTPases activate PKNs,4,2,0.024096385542168676,0.05128205128205128,0.46987951807228917,0.9157438576088803,0.4567901234567901
Toll-like Receptor Cascades,4,2,0.024096385542168676,0.05128205128205128,0.46987951807228917,0.9157438576088803,0.4567901234567901
Chromatin organization,4,2,0.024096385542168676,0.05128205128205128,0.46987951807228917,0.9157438576088803,0.4567901234567901
Insulin receptor signalling cascade,12,5,0.07228915662650602,0.1282051282051282,0.563855421686747,0.9221386542981679,0.5298701298701298
Signaling by GPCR,9,4,0.05421686746987952,0.10256410256410256,0.5286144578313253,0.9236325848771874,0.5015923566878981
Frs2-mediated activation,6,3,0.03614457831325301,0.07692307692307693,0.4698795180722891,0.9311479921455503,0.45
Signaling by VEGF,11,5,0.06626506024096386,0.1282051282051282,0.5168674698795181,0.9412681329927552,0.48258064516129034
VEGFA-VEGFR2 Pathway,11,5,0.06626506024096386,0.1282051282051282,0.5168674698795181,0.9412681329927552,0.48258064516129034
IRS-mediated signalling,8,4,0.04819277108433735,0.10256410256410256,0.46987951807228917,0.9453303723290276,0.4430379746835443
Signaling by SCF-KIT,8,4,0.04819277108433735,0.10256410256410256,0.46987951807228917,0.9453303723290276,0.4430379746835443
Signaling by Non-Receptor Tyrosine Kinases,3,2,0.018072289156626505,0.05128205128205128,0.35240963855421686,0.9514734711727876,0.34049079754601225
Signaling by FGFR1 in disease,3,2,0.018072289156626505,0.05128205128205128,0.35240963855421686,0.9514734711727876,0.34049079754601225
Homology Directed Repair,3,2,0.018072289156626505,0.05128205128205128,0.35240963855421686,0.9514734711727876,0.34049079754601225
FCERI mediated MAPK activation,3,2,0.018072289156626505,0.05128205128205128,0.35240963855421686,0.9514734711727876,0.34049079754601225
MyD88 cascade initiated on plasma membrane,3,2,0.018072289156626505,0.05128205128205128,0.35240963855421686,0.9514734711727876,0.34049079754601225
Mitotic G1 phase and G1/S transition,3,2,0.018072289156626505,0.05128205128205128,0.35240963855421686,0.9514734711727876,0.34049079754601225
CD28 co-stimulation,3,2,0.018072289156626505,0.05128205128205128,0.35240963855421686,0.9514734711727876,0.34049079754601225
Diseases of programmed cell death,3,2,0.018072289156626505,0.05128205128205128,0.35240963855421686,0.9514734711727876,0.34049079754601225
Signalling to ERKs,3,2,0.018072289156626505,0.05128205128205128,0.35240963855421686,0.9514734711727876,0.34049079754601225
TRAF6 mediated induction of NFkB and MAP kinases upon TLR7/8 or 9 activation,3,2,0.018072289156626505,0.05128205128205128,0.35240963855421686,0.9514734711727876,0.34049079754601225
ARMS-mediated activation,3,2,0.018072289156626505,0.05128205128205128,0.35240963855421686,0.9514734711727876,0.34049079754601225
MyD88 dependent cascade initiated on endosome,3,2,0.018072289156626505,0.05128205128205128,0.35240963855421686,0.9514734711727876,0.34049079754601225
Apoptotic execution phase,3,2,0.018072289156626505,0.05128205128205128,0.35240963855421686,0.9514734711727876,0.34049079754601225
Prolonged ERK activation events,5,3,0.030120481927710843,0.07692307692307693,0.39156626506024095,0.9556519915347611,0.37267080745341613
Gastrin-CREB signalling pathway via PKC and MAPK,5,3,0.030120481927710843,0.07692307692307693,0.39156626506024095,0.9556519915347611,0.37267080745341613
IGF1R signaling cascade,7,4,0.04216867469879518,0.10256410256410256,0.411144578313253,0.9628887495961352,0.38522012578616355
Homologous DNA Pairing and Strand Exchange,1,1,0.006024096385542169,0.02564102564102564,0.23493975903614459,0.9645624103299857,0.23030303030303031
Regulation of TP53 Degradation,1,1,0.006024096385542169,0.02564102564102564,0.23493975903614459,0.9645624103299857,0.23030303030303031
Signaling by ALK,1,1,0.006024096385542169,0.02564102564102564,0.23493975903614459,0.9645624103299857,0.23030303030303031
Cyclin A/B1/B2 associated events during G2/M transition,1,1,0.006024096385542169,0.02564102564102564,0.23493975903614459,0.9645624103299857,0.23030303030303031
Synthesis of DNA,1,1,0.006024096385542169,0.02564102564102564,0.23493975903614459,0.9645624103299857,0.23030303030303031
Cell-cell junction organization,1,1,0.006024096385542169,0.02564102564102564,0.23493975903614459,0.9645624103299857,0.23030303030303031
Regulation of mitotic cell cycle,1,1,0.006024096385542169,0.02564102564102564,0.23493975903614459,0.9645624103299857,0.23030303030303031
Signaling by high-kinase activity BRAF mutants,1,1,0.006024096385542169,0.02564102564102564,0.23493975903614459,0.9645624103299857,0.23030303030303031
Influenza Viral RNA Transcription and Replication,1,1,0.006024096385542169,0.02564102564102564,0.23493975903614459,0.9645624103299857,0.23030303030303031
Pexophagy,1,1,0.006024096385542169,0.02564102564102564,0.23493975903614459,0.9645624103299857,0.23030303030303031
RAB geranylgeranylation,1,1,0.006024096385542169,0.02564102564102564,0.23493975903614459,0.9645624103299857,0.23030303030303031
Pre-NOTCH Transcription and Translation,1,1,0.006024096385542169,0.02564102564102564,0.23493975903614459,0.9645624103299857,0.23030303030303031
HSF1 activation,1,1,0.006024096385542169,0.02564102564102564,0.23493975903614459,0.9645624103299857,0.23030303030303031
Signaling by FGFR2 in disease,1,1,0.006024096385542169,0.02564102564102564,0.23493975903614459,0.9645624103299857,0.23030303030303031
Signaling by NTRK2 (TRKB),1,1,0.006024096385542169,0.02564102564102564,0.23493975903614459,0.9645624103299857,0.23030303030303031
NF-kB is activated and signals survival,1,1,0.006024096385542169,0.02564102564102564,0.23493975903614459,0.9645624103299857,0.23030303030303031
Signaling by NTRK3 (TRKC),1,1,0.006024096385542169,0.02564102564102564,0.23493975903614459,0.9645624103299857,0.23030303030303031
Interleukin-1 signaling,1,1,0.006024096385542169,0.02564102564102564,0.23493975903614459,0.9645624103299857,0.23030303030303031
Signaling by RAS mutants,1,1,0.006024096385542169,0.02564102564102564,0.23493975903614459,0.9645624103299857,0.23030303030303031
RAF activation,1,1,0.006024096385542169,0.02564102564102564,0.23493975903614459,0.9645624103299857,0.23030303030303031
Regulation of TP53 Activity through Methylation,1,1,0.006024096385542169,0.02564102564102564,0.23493975903614459,0.9645624103299857,0.23030303030303031
Regulation of localization of FOXO transcription factors,1,1,0.006024096385542169,0.02564102564102564,0.23493975903614459,0.9645624103299857,0.23030303030303031
Gluconeogenesis,1,1,0.006024096385542169,0.02564102564102564,0.23493975903614459,0.9645624103299857,0.23030303030303031
MAPK targets/ Nuclear events mediated by MAP kinases,1,1,0.006024096385542169,0.02564102564102564,0.23493975903614459,0.9645624103299857,0.23030303030303031
SLC transporter disorders,1,1,0.006024096385542169,0.02564102564102564,0.23493975903614459,0.9645624103299857,0.23030303030303031
DNA methylation,1,1,0.006024096385542169,0.02564102564102564,0.23493975903614459,0.9645624103299857,0.23030303030303031
Toll Like Receptor 5 (TLR5) Cascade,1,1,0.006024096385542169,0.02564102564102564,0.23493975903614459,0.9645624103299857,0.23030303030303031
STAT5 Activation,1,1,0.006024096385542169,0.02564102564102564,0.23493975903614459,0.9645624103299857,0.23030303030303031
GRB2 events in ERBB2 signaling,1,1,0.006024096385542169,0.02564102564102564,0.23493975903614459,0.9645624103299857,0.23030303030303031
Signaling by FGFR2,1,1,0.006024096385542169,0.02564102564102564,0.23493975903614459,0.9645624103299857,0.23030303030303031
Deregulated CDK5 triggers multiple neurodegenerative pathways in Alzheimer's disease models,1,1,0.006024096385542169,0.02564102564102564,0.23493975903614459,0.9645624103299857,0.23030303030303031
Recognition of DNA damage by PCNA-containing replication complex,1,1,0.006024096385542169,0.02564102564102564,0.23493975903614459,0.9645624103299857,0.23030303030303031
FLT3 signaling in disease,1,1,0.006024096385542169,0.02564102564102564,0.23493975903614459,0.9645624103299857,0.23030303030303031
Phospholipase C-mediated cascade; FGFR2,1,1,0.006024096385542169,0.02564102564102564,0.23493975903614459,0.9645624103299857,0.23030303030303031
Gap-filling DNA repair synthesis and ligation in TC-NER,1,1,0.006024096385542169,0.02564102564102564,0.23493975903614459,0.9645624103299857,0.23030303030303031
Disorders of transmembrane transporters,1,1,0.006024096385542169,0.02564102564102564,0.23493975903614459,0.9645624103299857,0.23030303030303031
Signaling by ERBB2 TMD/JMD mutants,1,1,0.006024096385542169,0.02564102564102564,0.23493975903614459,0.9645624103299857,0.23030303030303031
Stabilization of p53,1,1,0.006024096385542169,0.02564102564102564,0.23493975903614459,0.9645624103299857,0.23030303030303031
HDR through MMEJ (alt-NHEJ),1,1,0.006024096385542169,0.02564102564102564,0.23493975903614459,0.9645624103299857,0.23030303030303031
G-protein beta:gamma signalling,1,1,0.006024096385542169,0.02564102564102564,0.23493975903614459,0.9645624103299857,0.23030303030303031
p75NTR signals via NF-kB,1,1,0.006024096385542169,0.02564102564102564,0.23493975903614459,0.9645624103299857,0.23030303030303031
Presynaptic phase of homologous DNA pairing and strand exchange,1,1,0.006024096385542169,0.02564102564102564,0.23493975903614459,0.9645624103299857,0.23030303030303031
MAPK6/MAPK4 signaling,1,1,0.006024096385542169,0.02564102564102564,0.23493975903614459,0.9645624103299857,0.23030303030303031
Activation of the pre-replicative complex,1,1,0.006024096385542169,0.02564102564102564,0.23493975903614459,0.9645624103299857,0.23030303030303031
Deactivation of the beta-catenin transactivating complex,1,1,0.006024096385542169,0.02564102564102564,0.23493975903614459,0.9645624103299857,0.23030303030303031
Aggrephagy,1,1,0.006024096385542169,0.02564102564102564,0.23493975903614459,0.9645624103299857,0.23030303030303031
Toll Like Receptor 7/8 (TLR7/8) Cascade,1,1,0.006024096385542169,0.02564102564102564,0.23493975903614459,0.9645624103299857,0.23030303030303031
Activation of the AP-1 family of transcription factors,1,1,0.006024096385542169,0.02564102564102564,0.23493975903614459,0.9645624103299857,0.23030303030303031
RHO GTPases activate IQGAPs,1,1,0.006024096385542169,0.02564102564102564,0.23493975903614459,0.9645624103299857,0.23030303030303031
Translesion synthesis by Y family DNA polymerases bypasses lesions on DNA template,1,1,0.006024096385542169,0.02564102564102564,0.23493975903614459,0.9645624103299857,0.23030303030303031
Signaling by FGFR4 in disease,1,1,0.006024096385542169,0.02564102564102564,0.23493975903614459,0.9645624103299857,0.23030303030303031
Dual incision in TC-NER,1,1,0.006024096385542169,0.02564102564102564,0.23493975903614459,0.9645624103299857,0.23030303030303031
Rap1 signalling,1,1,0.006024096385542169,0.02564102564102564,0.23493975903614459,0.9645624103299857,0.23030303030303031
Potential therapeutics for SARS,1,1,0.006024096385542169,0.02564102564102564,0.23493975903614459,0.9645624103299857,0.23030303030303031
Defective Intrinsic Pathway for Apoptosis,1,1,0.006024096385542169,0.02564102564102564,0.23493975903614459,0.9645624103299857,0.23030303030303031
Signaling by FLT3 ITD and TKD mutants,1,1,0.006024096385542169,0.02564102564102564,0.23493975903614459,0.9645624103299857,0.23030303030303031
Cytoprotection by HMOX1,1,1,0.006024096385542169,0.02564102564102564,0.23493975903614459,0.9645624103299857,0.23030303030303031
Apoptotic cleavage of cell adhesion proteins,1,1,0.006024096385542169,0.02564102564102564,0.23493975903614459,0.9645624103299857,0.23030303030303031
Phospholipase C-mediated cascade: FGFR1,1,1,0.006024096385542169,0.02564102564102564,0.23493975903614459,0.9645624103299857,0.23030303030303031
Downregulation of SMAD2/3:SMAD4 transcriptional activity,1,1,0.006024096385542169,0.02564102564102564,0.23493975903614459,0.9645624103299857,0.23030303030303031
Regulation of gap junction activity,1,1,0.006024096385542169,0.02564102564102564,0.23493975903614459,0.9645624103299857,0.23030303030303031
RAB GEFs exchange GTP for GDP on RABs,1,1,0.006024096385542169,0.02564102564102564,0.23493975903614459,0.9645624103299857,0.23030303030303031
G1 Phase,1,1,0.006024096385542169,0.02564102564102564,0.23493975903614459,0.9645624103299857,0.23030303030303031
G1/S DNA Damage Checkpoints,1,1,0.006024096385542169,0.02564102564102564,0.23493975903614459,0.9645624103299857,0.23030303030303031
Signaling by FLT3 fusion proteins,1,1,0.006024096385542169,0.02564102564102564,0.23493975903614459,0.9645624103299857,0.23030303030303031
Telomere Maintenance,1,1,0.006024096385542169,0.02564102564102564,0.23493975903614459,0.9645624103299857,0.23030303030303031
Adherens junctions interactions,1,1,0.006024096385542169,0.02564102564102564,0.23493975903614459,0.9645624103299857,0.23030303030303031
SLC-mediated transmembrane transport,1,1,0.006024096385542169,0.02564102564102564,0.23493975903614459,0.9645624103299857,0.23030303030303031
Interleukin-1 family signaling,1,1,0.006024096385542169,0.02564102564102564,0.23493975903614459,0.9645624103299857,0.23030303030303031
Interleukin-15 signaling,1,1,0.006024096385542169,0.02564102564102564,0.23493975903614459,0.9645624103299857,0.23030303030303031
AKT phosphorylates targets in the nucleus,1,1,0.006024096385542169,0.02564102564102564,0.23493975903614459,0.9645624103299857,0.23030303030303031
STAT5 activation downstream of FLT3 ITD mutants,1,1,0.006024096385542169,0.02564102564102564,0.23493975903614459,0.9645624103299857,0.23030303030303031
Sema4D induced cell migration and growth-cone collapse,1,1,0.006024096385542169,0.02564102564102564,0.23493975903614459,0.9645624103299857,0.23030303030303031
Inhibition of TSC complex formation by PKB,1,1,0.006024096385542169,0.02564102564102564,0.23493975903614459,0.9645624103299857,0.23030303030303031
ISG15 antiviral mechanism,1,1,0.006024096385542169,0.02564102564102564,0.23493975903614459,0.9645624103299857,0.23030303030303031
Detoxification of Reactive Oxygen Species,1,1,0.006024096385542169,0.02564102564102564,0.23493975903614459,0.9645624103299857,0.23030303030303031
Infectious disease,15,7,0.09036144578313253,0.1794871794871795,0.5034423407917383,0.9656817708129358,0.45411542100283825
Generic Transcription Pathway,30,12,0.18072289156626506,0.3076923076923077,0.5873493975903614,0.973144066869434,0.4963235294117647
Adaptive Immune System,17,8,0.10240963855421686,0.20512820512820512,0.4992469879518072,0.9739851669637855,0.44211409395973156
Fcgamma receptor (FCGR) dependent phagocytosis,4,3,0.024096385542168676,0.07692307692307693,0.3132530120481928,0.9742757873668388,0.2962962962962963
Signaling by Interleukins,20,9,0.12048192771084337,0.23076923076923078,0.5220883534136546,0.9743699338743566,0.45662100456621
VEGFR2 mediated vascular permeability,2,2,0.012048192771084338,0.05128205128205128,0.23493975903614459,0.9776170908536953,0.22560975609756098
Signal transduction by L1,2,2,0.012048192771084338,0.05128205128205128,0.23493975903614459,0.9776170908536953,0.22560975609756098
RHO GTPases activate PAKs,2,2,0.012048192771084338,0.05128205128205128,0.23493975903614459,0.9776170908536953,0.22560975609756098
Regulation of TP53 Expression and Degradation,2,2,0.012048192771084338,0.05128205128205128,0.23493975903614459,0.9776170908536953,0.22560975609756098
Transcriptional regulation by the AP-2 (TFAP2) family of transcription factors,2,2,0.012048192771084338,0.05128205128205128,0.23493975903614459,0.9776170908536953,0.22560975609756098
Toll Like Receptor 2 (TLR2) Cascade,2,2,0.012048192771084338,0.05128205128205128,0.23493975903614459,0.9776170908536953,0.22560975609756098
Signaling by ERBB2,2,2,0.012048192771084338,0.05128205128205128,0.23493975903614459,0.9776170908536953,0.22560975609756098
Influenza Infection,2,2,0.012048192771084338,0.05128205128205128,0.23493975903614459,0.9776170908536953,0.22560975609756098
TFAP2 (AP-2) family regulates transcription of growth factors and their receptors,2,2,0.012048192771084338,0.05128205128205128,0.23493975903614459,0.9776170908536953,0.22560975609756098
Signalling to RAS,2,2,0.012048192771084338,0.05128205128205128,0.23493975903614459,0.9776170908536953,0.22560975609756098
SHC1 events in ERBB2 signaling,2,2,0.012048192771084338,0.05128205128205128,0.23493975903614459,0.9776170908536953,0.22560975609756098
"Cell Cycle, Mitotic",10,6,0.060240963855421686,0.15384615384615385,0.39156626506024095,0.9837576481701559,0.3525641025641026
Signaling by Insulin receptor,10,6,0.060240963855421686,0.15384615384615385,0.39156626506024095,0.9837576481701559,0.3525641025641026
Fc epsilon receptor (FCERI) signaling,12,7,0.07228915662650602,0.1794871794871795,0.4027538726333907,0.9871028097180462,0.3562152133580705
GRB2 events in EGFR signaling,3,3,0.018072289156626505,0.07692307692307693,0.23493975903614456,0.9872030847366948,0.22085889570552147
Signalling to p38 via RIT and RIN,3,3,0.018072289156626505,0.07692307692307693,0.23493975903614456,0.9872030847366948,0.22085889570552147
Signaling by PTK6,3,3,0.018072289156626505,0.07692307692307693,0.23493975903614456,0.9872030847366948,0.22085889570552147
Regulation of TP53 Activity through Phosphorylation,3,3,0.018072289156626505,0.07692307692307693,0.23493975903614456,0.9872030847366948,0.22085889570552147
NCAM signaling for neurite out-growth,3,3,0.018072289156626505,0.07692307692307693,0.23493975903614456,0.9872030847366948,0.22085889570552147
Gene expression (Transcription),36,15,0.21686746987951808,0.38461538461538464,0.563855421686747,0.9896716224202251,0.4430769230769231
Regulation of TP53 Activity,4,4,0.024096385542168676,0.10256410256410256,0.23493975903614459,0.9928995831989166,0.21604938271604937
Metabolism of carbohydrates,1,2,0.006024096385542169,0.05128205128205128,0.11746987951807229,0.9935409319320664,0.11212121212121212
G1/S-Specific Transcription,1,2,0.006024096385542169,0.05128205128205128,0.11746987951807229,0.9935409319320664,0.11212121212121212
TP53 Regulates Transcription of Genes Involved in G2 Cell Cycle Arrest,1,2,0.006024096385542169,0.05128205128205128,0.11746987951807229,0.9935409319320664,0.11212121212121212
Downregulation of ERBB2:ERBB3 signaling,1,2,0.006024096385542169,0.05128205128205128,0.11746987951807229,0.9935409319320664,0.11212121212121212
Formation of Incision Complex in GG-NER,1,2,0.006024096385542169,0.05128205128205128,0.11746987951807229,0.9935409319320664,0.11212121212121212
Chk1/Chk2(Cds1) mediated inactivation of Cyclin B:Cdk1 complex,1,2,0.006024096385542169,0.05128205128205128,0.11746987951807229,0.9935409319320664,0.11212121212121212
Listeria monocytogenes entry into host cells,1,2,0.006024096385542169,0.05128205128205128,0.11746987951807229,0.9935409319320664,0.11212121212121212
p53-Dependent G1/S DNA damage checkpoint,1,2,0.006024096385542169,0.05128205128205128,0.11746987951807229,0.9935409319320664,0.11212121212121212
ERBB2 Activates PTK6 Signaling,1,2,0.006024096385542169,0.05128205128205128,0.11746987951807229,0.9935409319320664,0.11212121212121212
HDR through Homologous Recombination (HRR),1,2,0.006024096385542169,0.05128205128205128,0.11746987951807229,0.9935409319320664,0.11212121212121212
GP1b-IX-V activation signalling,1,2,0.006024096385542169,0.05128205128205128,0.11746987951807229,0.9935409319320664,0.11212121212121212
Dual Incision in GG-NER,1,2,0.006024096385542169,0.05128205128205128,0.11746987951807229,0.9935409319320664,0.11212121212121212
Signaling by moderate kinase activity BRAF mutants,1,2,0.006024096385542169,0.05128205128205128,0.11746987951807229,0.9935409319320664,0.11212121212121212
DNA Replication,1,2,0.006024096385542169,0.05128205128205128,0.11746987951807229,0.9935409319320664,0.11212121212121212
Glycolysis,1,2,0.006024096385542169,0.05128205128205128,0.11746987951807229,0.9935409319320664,0.11212121212121212
Termination of translesion DNA synthesis,1,2,0.006024096385542169,0.05128205128205128,0.11746987951807229,0.9935409319320664,0.11212121212121212
Cyclin D associated events in G1,1,2,0.006024096385542169,0.05128205128205128,0.11746987951807229,0.9935409319320664,0.11212121212121212
Signaling by FGFR1,1,2,0.006024096385542169,0.05128205128205128,0.11746987951807229,0.9935409319320664,0.11212121212121212
Signaling by ERBB2 in Cancer,1,2,0.006024096385542169,0.05128205128205128,0.11746987951807229,0.9935409319320664,0.11212121212121212
Netrin-1 signaling,1,2,0.006024096385542169,0.05128205128205128,0.11746987951807229,0.9935409319320664,0.11212121212121212
p53-Dependent G1 DNA Damage Response,1,2,0.006024096385542169,0.05128205128205128,0.11746987951807229,0.9935409319320664,0.11212121212121212
G1/S Transition,1,2,0.006024096385542169,0.05128205128205128,0.11746987951807229,0.9935409319320664,0.11212121212121212
Glucose metabolism,1,2,0.006024096385542169,0.05128205128205128,0.11746987951807229,0.9935409319320664,0.11212121212121212
GRB7 events in ERBB2 signaling,1,2,0.006024096385542169,0.05128205128205128,0.11746987951807229,0.9935409319320664,0.11212121212121212
Interleukin-17 signaling,1,2,0.006024096385542169,0.05128205128205128,0.11746987951807229,0.9935409319320664,0.11212121212121212
MyD88:MAL(TIRAP) cascade initiated on plasma membrane,1,2,0.006024096385542169,0.05128205128205128,0.11746987951807229,0.9935409319320664,0.11212121212121212
Interleukin-2 family signaling,2,3,0.012048192771084338,0.07692307692307693,0.1566265060240964,0.9950461706409671,0.14634146341463414
Interleukin receptor SHC signaling,2,3,0.012048192771084338,0.07692307692307693,0.1566265060240964,0.9950461706409671,0.14634146341463414
Nucleotide Excision Repair,2,3,0.012048192771084338,0.07692307692307693,0.1566265060240964,0.9950461706409671,0.14634146341463414
SOS-mediated signalling,2,3,0.012048192771084338,0.07692307692307693,0.1566265060240964,0.9950461706409671,0.14634146341463414
Cell Cycle,12,8,0.07228915662650602,0.20512820512820512,0.35240963855421686,0.9953883741982246,0.30194805194805197
Transcriptional Regulation by TP53,12,8,0.07228915662650602,0.20512820512820512,0.35240963855421686,0.9953883741982246,0.30194805194805197
SUMO E3 ligases SUMOylate target proteins,5,5,0.030120481927710843,0.1282051282051282,0.23493975903614459,0.9961273476687256,0.2111801242236025
DNA Double-Strand Break Repair,3,4,0.018072289156626505,0.10256410256410256,0.17620481927710843,0.9968985577640866,0.16104294478527606
SUMOylation,6,6,0.03614457831325301,0.15384615384615385,0.23493975903614456,0.9979177122440149,0.20625
"Interleukin-3, Interleukin-5 and GM-CSF signaling",4,5,0.024096385542168676,0.1282051282051282,0.1879518072289157,0.9981936571410301,0.16790123456790124
ERBB2 Regulates Cell Motility,1,3,0.006024096385542169,0.07692307692307693,0.0783132530120482,0.9988488789581901,0.07272727272727272
Signaling by ERBB2 KD Mutants,1,3,0.006024096385542169,0.07692307692307693,0.0783132530120482,0.9988488789581901,0.07272727272727272
Downregulation of ERBB2 signaling,1,3,0.006024096385542169,0.07692307692307693,0.0783132530120482,0.9988488789581901,0.07272727272727272
Base Excision Repair,1,3,0.006024096385542169,0.07692307692307693,0.0783132530120482,0.9988488789581901,0.07272727272727272
PI3K events in ERBB2 signaling,1,3,0.006024096385542169,0.07692307692307693,0.0783132530120482,0.9988488789581901,0.07272727272727272
TP53 Regulates Transcription of Cell Cycle Genes,1,3,0.006024096385542169,0.07692307692307693,0.0783132530120482,0.9988488789581901,0.07272727272727272
S Phase,1,4,0.006024096385542169,0.10256410256410256,0.058734939759036146,0.9997995560374958,0.05303030303030303
RET signaling,1,5,0.006024096385542169,0.1282051282051282,0.04698795180722892,0.9999659245263742,0.041212121212121214
Ephrin signaling,0,2,0.0,0.05128205128205128,0.0,1.0,0.0
Aberrant regulation of mitotic G1/S transition in cancer due to RB1 defects,0,2,0.0,0.05128205128205128,0.0,1.0,0.0
Resolution of Abasic Sites (AP sites),0,3,0.0,0.07692307692307693,0.0,1.0,0.0
Constitutive Signaling by Ligand-Responsive EGFR Cancer Variants,0,2,0.0,0.05128205128205128,0.0,1.0,0.0
Mismatch repair (MMR) directed by MSH2:MSH6 (MutSalpha),0,2,0.0,0.05128205128205128,0.0,1.0,0.0
Resolution of AP sites via the multiple-nucleotide patch replacement pathway,0,3,0.0,0.07692307692307693,0.0,1.0,0.0
G0 and Early G1,0,2,0.0,0.05128205128205128,0.0,1.0,0.0
PTK6 Regulates Cell Cycle,0,2,0.0,0.05128205128205128,0.0,1.0,0.0
InlA-mediated entry of Listeria monocytogenes into host cells,0,2,0.0,0.05128205128205128,0.0,1.0,0.0
Cyclin A:Cdk2-associated events at S phase entry,0,3,0.0,0.07692307692307693,0.0,1.0,0.0
Translesion synthesis by POLK,0,2,0.0,0.05128205128205128,0.0,1.0,0.0
SCF(Skp2)-mediated degradation of p27/p21,0,2,0.0,0.05128205128205128,0.0,1.0,0.0
Signaling by FGFR4,0,2,0.0,0.05128205128205128,0.0,1.0,0.0
Translesion synthesis by POLI,0,2,0.0,0.05128205128205128,0.0,1.0,0.0
Aberrant regulation of mitotic cell cycle due to RB1 defects,0,2,0.0,0.05128205128205128,0.0,1.0,0.0
Processive synthesis on the C-strand of the telomere,0,2,0.0,0.05128205128205128,0.0,1.0,0.0
Removal of the Flap Intermediate,0,2,0.0,0.05128205128205128,0.0,1.0,0.0
Translesion synthesis by REV1,0,2,0.0,0.05128205128205128,0.0,1.0,0.0
Processive synthesis on the lagging strand,0,2,0.0,0.05128205128205128,0.0,1.0,0.0
Signaling by EGFR in Cancer,0,2,0.0,0.05128205128205128,0.0,1.0,0.0
DNA strand elongation,0,2,0.0,0.05128205128205128,0.0,1.0,0.0
Signaling by ERBB2 ECD mutants,0,2,0.0,0.05128205128205128,0.0,1.0,0.0
SUMOylation of transcription cofactors,0,2,0.0,0.05128205128205128,0.0,1.0,0.0
Lagging Strand Synthesis,0,2,0.0,0.05128205128205128,0.0,1.0,0.0
SUMOylation of DNA replication proteins,0,2,0.0,0.05128205128205128,0.0,1.0,0.0
